id,first_name,second_name,team,team_code,element_type,goals_scored,assists,total_points,minutes,goals_conceded,creativity,influence,threat,bonus,bps,ict_index,clean_sheets,red_cards,yellow_cards,selected_by_percent,now_cost
1,Petr,Cech,1,3,1,0,0,24,585,9,0.0,205.0,0.0,3,130,20.4,1,0,0,1.3,49
2,Bernd,Leno,1,3,1,0,0,35,1125,16,0.0,270.0,0.0,2,203,27.0,1,0,0,2.3,48
3,Laurent,Koscielny,1,3,2,0,0,2,159,4,1.1,44.6,9.0,0,28,5.5,0,0,1,0.2,54
4,Héctor,Bellerín,1,3,2,0,4,48,1440,21,181.5,220.4,274.0,3,261,67.4,3,0,3,7.1,54
5,Nacho,Monreal,1,3,2,1,2,37,780,11,103.1,198.4,163.0,3,166,46.4,2,0,1,1.2,54
6,Rob,Holding,1,3,2,0,0,24,806,10,28.7,187.8,14.0,5,148,23.2,1,0,1,0.5,44
7,Shkodran,Mustafi,1,3,2,2,0,47,1395,20,49.9,434.6,165.0,2,275,65.1,3,0,5,1.1,54
8,Sead,Kolasinac,1,3,2,0,3,32,695,9,192.0,108.8,74.0,6,141,37.2,1,0,1,4.3,50
10,Konstantinos,Mavropanos,1,3,2,0,0,0,0,0,0.0,0.0,0.0,0,0,0.0,0,0,0,0.1,47
11,Stephan,Lichtsteiner,1,3,2,0,0,8,475,8,27.3,53.4,15.0,0,40,9.6,0,0,2,0.9,45
12,Sokratis,Papastathopoulos,1,3,2,0,0,17,1028,16,16.0,214.6,15.0,1,162,24.7,1,0,6,1.2,51
13,Mesut,Özil,1,3,3,3,2,53,975,14,363.0,236.4,133.0,7,209,73.3,2,0,1,2.8,80
14,Aaron,Ramsey,1,3,3,1,6,48,678,7,249.7,231.0,214.0,1,166,69.6,3,0,0,1.0,72
15,Alex,Iwobi,1,3,3,2,3,42,841,14,173.4,196.0,267.0,0,155,63.4,0,0,0,1.1,55
16,Mohamed,Elneny,1,3,3,0,0,1,58,0,1.1,7.8,38.0,0,0,4.7,0,0,0,2.1,43
17,Granit,Xhaka,1,3,3,2,2,50,1554,22,352.1,391.6,111.0,2,270,85.7,3,0,6,2.7,53
18,Henrikh,Mkhitaryan,1,3,3,4,1,51,838,17,249.6,235.8,337.0,6,176,82.4,0,0,0,4.4,67
19,Reiss,Nelson,1,3,3,0,0,0,0,0,0.0,0.0,0.0,0,0,0.0,0,0,0,0.4,44
20,Ainsley,Maitland-Niles,1,3,3,0,0,5,160,3,16.1,37.4,44.0,0,20,9.8,0,0,0,0.2,44
21,Danny,Welbeck,1,3,4,1,1,19,146,3,56.8,73.6,66.0,3,63,19.5,0,0,0,0.5,65
22,Alexandre,Lacazette,1,3,4,6,8,87,1193,15,256.6,429.2,541.0,11,284,122.2,2,0,1,8.3,95
23,Pierre-Emerick,Aubameyang,1,3,4,13,4,121,1480,21,259.8,573.4,706.0,21,449,153.8,4,0,0,36.7,115
450,Lucas,Torreira,1,3,3,2,3,56,1353,18,174.2,318.2,130.0,6,288,62.4,3,0,4,8.0,52
451,Matteo,Guendouzi,1,3,3,0,0,22,1003,17,168.3,166.8,48.0,0,163,38.3,1,0,4,1.8,45
542,Emiliano,Martínez,1,3,1,0,0,0,0,0,0.0,0.0,0.0,0,0,0.0,0,0,0,0.3,40
545,Emile,Smith-Rowe,1,3,3,0,0,0,0,0,0.0,0.0,0.0,0,0,0.0,0,0,0,0.0,45
546,Zech,Medley,1,3,2,0,0,0,0,0,0.0,0.0,0.0,0,0,0.0,0,0,0,0.1,40
552,Edward,Nketiah,1,3,4,0,0,1,1,0,0.0,0.0,0.0,0,3,0.0,0,0,0,0.0,50
563,Bukayo,Saka,1,3,3,0,0,0,0,0,0.0,0.0,0.0,0,0,0.0,0,0,0,0.0,45
566,Joseph,Willock,1,3,3,0,0,0,0,0,0.0,0.0,0.0,0,0,0.0,0,0,0,0.0,45
24,Asmir,Begovic,2,91,1,0,0,58,1710,33,0.0,388.0,0.0,4,315,39.0,5,0,0,3.8,45
25,Artur,Boruc,2,91,1,0,0,0,0,0,0.0,0.0,0.0,0,0,0.0,0,0,0,6.0,40
26,Simon,Francis,2,91,2,0,2,40,1227,24,173.3,332.4,39.0,0,244,54.4,4,0,1,0.4,44
27,Steve,Cook,2,91,2,1,1,53,1710,33,55.6,460.8,147.0,4,330,66.3,5,0,2,7.3,45
28,Charlie,Daniels,2,91,2,0,0,26,1042,21,164.2,194.4,97.0,0,180,45.5,3,0,2,4.2,42
29,Adam,Smith,2,91,2,1,0,37,965,12,70.2,172.4,51.0,0,184,29.4,4,1,1,0.4,44
30,Tyrone,Mings,2,91,2,0,0,4,133,4,16.3,48.6,2.0,0,38,6.8,0,0,0,0.1,43
31,Nathan,Aké,2,91,2,1,0,53,1710,33,24.5,475.6,185.0,5,328,68.5,5,0,2,4.4,50
32,Jack,Simpson,2,91,2,0,0,0,0,0,0.0,0.0,0.0,0,0,0.0,0,0,0,4.1,38
34,Marc,Pugh,2,91,3,0,0,0,0,0,0.0,0.0,0.0,0,0,0.0,0,0,0,0.4,43
35,Andrew,Surman,2,91,3,0,0,21,808,22,97.0,97.6,22.0,0,113,21.8,2,0,1,0.2,46
36,Junior,Stanislas,2,91,3,1,1,29,542,13,132.9,106.2,242.0,3,90,48.2,1,0,1,0.1,60
37,Dan,Gosling,2,91,3,0,0,16,656,10,86.2,116.4,54.0,0,79,25.5,1,0,3,0.1,48
38,Jordon,Ibe,2,91,3,0,0,8,204,6,75.8,21.0,54.0,0,18,15.1,0,0,0,0.2,50
39,Lewis,Cook,2,91,3,0,0,22,719,10,50.4,76.0,36.0,0,91,16.5,3,0,2,0.1,47
40,Ryan,Fraser,2,91,3,4,8,96,1564,31,663.2,482.6,311.0,12,395,145.9,4,0,1,25.2,62
41,Emerson,Hyndman,2,91,3,0,0,0,0,0,0.0,0.0,0.0,0,0,0.0,0,0,0,0.0,45
42,David,Brooks,2,91,3,5,1,67,1191,22,206.4,319.6,386.0,5,209,91.3,5,0,2,3.3,50
43,Callum,Wilson,2,91,4,8,8,97,1509,25,284.7,415.4,675.0,11,302,137.3,5,0,3,32.8,68
44,Lys,Mousset,2,91,4,0,0,10,95,7,7.2,0.6,28.0,0,17,3.2,0,0,1,0.2,49
45,Joshua,King,2,91,4,5,2,65,1315,21,211.2,279.6,426.0,9,201,91.2,5,0,1,2.8,63
46,Jermain,Defoe,2,91,4,0,0,4,22,2,0.0,3.0,23.0,0,12,2.6,0,0,0,0.4,56
473,Diego,Rico,2,91,2,0,0,4,331,9,116.1,66.0,18.0,0,53,20.0,0,0,0,0.0,42
494,Jefferson,Lerma,2,91,3,1,1,34,1289,25,127.9,257.2,119.0,3,182,50.4,5,0,9,0.4,45
47,Mathew,Ryan,3,36,1,0,0,63,1710,27,0.0,431.0,0.0,7,318,43.1,3,0,0,4.8,45
48,Lewis,Dunk,3,36,2,2,0,47,1441,23,38.6,397.8,128.0,5,261,56.6,3,1,3,3.4,45
49,Shane,Duffy,3,36,2,3,2,58,1377,22,47.7,505.4,155.0,5,274,70.9,3,1,3,4.1,46
50,Bruno,Saltor Grau,3,36,2,0,1,31,619,6,65.3,104.4,14.0,4,132,18.4,3,0,2,0.5,44
51,Gaëtan,Bong,3,36,2,0,0,29,1068,19,58.9,128.6,0.0,0,158,18.6,3,0,0,0.2,44
52,Markus,Suttner,3,36,2,0,0,0,0,0,0.0,0.0,0.0,0,0,0.0,0,0,0,5.0,38
53,Ezequiel,Schelotto,3,36,2,0,0,0,0,0,0.0,0.0,0.0,0,0,0.0,0,0,0,1.7,38
54,Leon,Balogun,3,36,2,1,0,15,591,10,1.1,133.0,27.0,0,86,16.1,0,0,2,0.2,42
55,Anthony,Knockaert,3,36,3,1,4,46,1084,21,291.3,240.2,210.0,1,176,74.1,2,0,3,0.6,53
56,Dale,Stephens,3,36,3,0,0,19,964,17,60.3,160.0,11.0,0,125,23.1,2,1,3,3.5,44
57,Beram,Kayal,3,36,3,1,1,25,688,11,52.9,180.6,47.0,0,104,28.1,3,0,4,0.7,44
58,Solomon,March,3,36,3,1,5,64,1457,24,432.9,279.2,204.0,5,228,91.8,3,0,0,1.5,50
59,Pascal,Groß,3,36,3,1,0,24,741,11,267.5,150.4,106.0,3,111,52.4,0,0,0,1.5,67
60,Davy,Pröpper,3,36,3,0,0,30,1322,22,79.9,175.2,45.0,0,164,30.1,1,0,1,0.1,48
61,José Heriberto,Izquierdo Mena,3,36,3,0,2,22,565,6,60.5,58.8,140.0,0,67,26.0,2,0,1,0.1,59
62,Glenn,Murray,3,36,4,8,0,71,1211,18,109.1,287.4,386.0,11,208,77.6,2,0,3,3.4,65
63,Tomer,Hemed,3,36,4,0,0,0,0,0,0.0,0.0,0.0,0,0,0.0,0,0,0,0.1,49
64,Sam,Baldock,3,36,4,0,0,0,0,0,0.0,0.0,0.0,0,0,0.0,0,0,0,0.3,45
65,Jürgen,Locadia,3,36,4,1,0,23,396,5,88.6,63.4,136.0,3,66,28.3,1,0,1,0.1,53
66,Florin,Andone,3,36,4,2,0,21,363,6,9.2,81.4,121.0,2,59,21.0,0,0,1,0.3,50
179,David,Button,3,36,1,0,0,0,0,0,0.0,0.0,0.0,0,0,0.0,0,0,0,1.7,40
439,Jason,Steele,3,36,1,0,0,0,0,0,0.0,0.0,0.0,0,0,0.0,0,0,0,1.4,40
440,Bernardo,Fernandes da Silva Junior,3,36,2,0,1,15,742,11,87.2,197.4,6.0,0,110,29.2,0,0,2,0.1,42
466,Yves,Bissouma,3,36,3,0,0,21,861,15,98.0,118.8,111.0,0,74,32.8,0,0,3,0.0,47
476,Alireza,Jahanbakhsh,3,36,3,0,0,15,437,4,58.7,44.0,73.0,0,31,17.5,3,0,2,0.6,67
503,Martín,Montoya,3,36,2,0,0,12,990,19,135.0,196.0,29.0,0,137,36.1,0,0,2,0.1,43
551,Viktor,Gyokeres,3,36,4,0,0,0,0,0,0.0,0.0,0.0,0,0,0.0,0,0,0,0.0,45
559,Ben,White,3,36,2,0,0,0,0,0,0.0,0.0,0.0,0,0,0.0,0,0,0,0.0,40
67,Tom,Heaton,4,90,1,0,0,0,0,0,0.0,0.0,0.0,0,0,0.0,0,0,0,0.1,48
68,Nick,Pope,4,90,1,0,0,0,0,0,0.0,0.0,0.0,0,0,0.0,0,0,0,0.2,49
69,Matthew,Lowton,4,90,2,0,0,21,1177,32,102.8,216.6,28.0,0,191,34.9,3,0,5,0.3,46
70,Ben,Mee,4,90,2,0,2,43,1710,41,65.9,471.2,84.0,4,294,62.1,4,0,3,1.9,47
71,Stephen,Ward,4,90,2,0,0,7,228,6,17.2,48.4,19.0,0,44,8.5,1,0,1,0.5,47
72,James,Tarkowski,4,90,2,3,1,50,1376,36,19.1,513.6,250.0,4,250,78.4,3,0,4,4.2,47
73,Kevin,Long,4,90,2,0,1,16,513,9,11.6,147.8,8.0,0,101,16.8,1,0,0,0.4,42
74,Charlie,Taylor,4,90,2,0,0,34,1530,37,153.0,310.8,23.0,1,250,48.8,3,0,1,0.3,44
75,Phil,Bardsley,4,90,2,0,0,9,532,9,60.5,85.8,12.0,0,72,15.9,1,0,4,0.1,42
76,Johann Berg,Gudmundsson,4,90,3,2,5,60,1166,27,334.5,291.2,212.0,5,216,83.9,4,0,2,1.5,56
77,Steven,Defour,4,90,3,0,0,10,449,14,36.6,61.4,0.0,0,70,9.9,0,0,0,0.0,53
78,Jeff,Hendrick,4,90,3,1,0,28,831,26,86.6,94.2,149.0,0,113,33.0,1,0,2,0.1,53
79,Robbie,Brady,4,90,3,0,1,14,507,12,118.1,77.8,56.0,0,57,25.2,1,0,3,0.0,54
80,Ashley,Westwood,4,90,3,0,3,38,1201,30,231.3,231.0,116.0,0,196,58.2,3,0,3,1.4,45
81,Jonathan,Walters,4,90,3,0,0,0,0,0,0.0,0.0,0.0,0,0,0.0,0,0,0,0.0,48
82,Jack,Cork,4,90,3,1,1,44,1602,36,145.5,242.8,130.0,0,221,52.1,4,0,4,0.6,46
83,Aaron,Lennon,4,90,3,1,1,41,1214,22,121.2,151.6,108.0,2,133,38.0,3,0,1,0.5,50
84,Sam,Vokes,4,90,4,3,0,46,903,20,108.1,152.0,286.0,7,125,53.8,2,0,0,1.4,53
85,Ashley,Barnes,4,90,4,3,1,42,712,15,79.2,138.2,257.0,5,119,46.9,3,0,2,0.4,56
86,Nahki,Wells,4,90,4,0,0,0,0,0,0.0,0.0,0.0,0,0,0.0,0,0,0,0.9,45
87,Chris,Wood,4,90,4,1,0,32,973,25,77.9,76.2,336.0,0,60,48.3,3,0,1,0.2,62
485,Anders,Lindegaard,4,90,1,0,0,0,0,0,0.0,0.0,0.0,0,0,0.0,0,0,0,0.1,44
490,Joe,Hart,4,90,1,0,0,69,1710,41,10.1,586.2,0.0,7,378,59.5,4,0,0,8.8,45
491,Ben,Gibson,4,90,2,1,0,6,62,3,0.4,42.4,33.0,0,17,7.6,0,0,1,0.1,48
495,Matej,Vydra,4,90,4,1,0,13,262,6,22.8,44.2,54.0,0,43,11.8,0,0,1,0.0,57
534,Dwight,McNeil,4,90,3,0,0,2,106,4,38.8,12.8,20.0,0,21,7.0,0,0,1,0.0,44
564,Abd-Al-Ali Morakinyo Olaposi,Koiki,4,90,2,0,0,0,0,0,0.0,0.0,0.0,0,0,0.0,0,0,0,0.0,40
33,Harry,Arter,5,97,3,0,0,28,1227,28,102.6,139.8,99.0,0,129,34.2,3,0,5,0.2,49
88,Neil,Etheridge,5,97,1,0,0,73,1710,38,0.0,594.6,0.0,8,381,59.3,4,0,1,5.4,45
89,Alex,Smithies,5,97,1,0,0,0,0,0,0.0,0.0,0.0,0,0,0.0,0,0,0,0.1,43
90,Sean,Morrison,5,97,2,0,4,52,1689,38,160.6,387.0,280.0,2,278,82.8,4,0,2,0.5,47
91,Sol,Bamba,5,97,2,2,1,59,1620,33,34.9,511.2,220.0,7,297,76.7,4,0,3,1.8,45
92,Bruno,Ecuele Manga,5,97,2,0,1,43,1710,38,97.5,358.8,31.0,0,283,49.0,4,0,0,0.1,44
93,Matthew,Connolly,5,97,2,0,0,0,0,0,0.0,0.0,0.0,0,0,0.0,0,0,0,1.3,38
94,Joe,Bennett,5,97,2,0,1,36,1138,22,148.4,209.6,16.0,2,206,37.5,4,0,1,0.5,44
95,Lee,Peltier,5,97,2,0,0,8,281,6,13.4,53.6,2.0,0,42,6.9,1,0,1,3.7,38
96,Ashley Darel Jazz,Richards,5,97,2,0,0,1,97,4,1.5,12.2,0.0,0,11,1.5,0,0,0,0.6,39
97,Greg,Halford,5,97,2,0,0,0,0,0,0.0,0.0,0.0,0,0,0.0,0,0,0,0.0,40
98,Joe,Ralls,5,97,3,0,0,23,1091,24,205.4,165.6,122.0,0,127,49.1,3,1,2,0.1,47
99,David Junior,Hoilett,5,97,3,2,1,41,1081,29,111.2,148.2,164.0,1,107,41.8,2,0,3,0.1,50
100,Nathaniel,Mendez-Laing,5,97,3,0,0,9,220,3,26.4,22.4,83.0,0,27,13.3,1,0,0,0.0,48
101,Callum,Paterson,5,97,3,4,1,57,1217,27,203.5,206.0,400.0,4,168,80.8,2,0,2,1.1,52
102,Aron,Gunnarsson,5,97,3,1,0,28,848,18,85.8,141.2,56.0,3,117,28.3,1,0,2,0.9,44
103,Anthony,Pilkington,5,97,3,0,0,0,0,0,0.0,0.0,0.0,0,0,0.0,0,0,0,0.1,44
104,Loïc,Damour,5,97,3,0,0,2,21,2,1.0,0.6,8.0,0,6,0.9,0,0,0,0.1,43
105,Danny,Ward,5,97,3,1,0,17,321,9,56.4,60.2,63.0,0,54,17.8,0,0,0,0.3,43
106,Josh,Murphy,5,97,3,3,0,46,1031,18,127.6,162.8,378.0,1,106,66.2,3,0,0,0.5,48
107,Kenneth,Zohore,5,97,4,0,0,9,287,7,71.3,22.8,142.0,0,13,23.6,1,0,0,0.3,46
108,Omar,Bogle,5,97,4,0,0,0,0,0,0.0,0.0,0.0,0,0,0.0,0,0,0,0.1,45
109,Gary,Madine,5,97,4,0,0,5,32,3,1.5,2.0,8.0,0,13,1.0,0,0,0,1.1,44
110,Bobby,Reid,5,97,4,2,2,40,747,16,130.8,137.2,247.0,4,123,51.3,1,0,0,0.6,52
467,Greg,Cunninghamm,5,97,2,0,0,2,450,14,51.9,79.8,12.0,0,46,14.5,0,0,3,0.0,42
504,Víctor,Camarasa,5,97,3,2,2,54,1581,36,521.3,297.8,211.0,2,226,103.1,4,0,4,1.9,46
535,Kadeem,Harris,5,97,3,1,1,21,334,5,72.9,73.8,70.0,0,69,21.6,1,0,1,0.0,45
537,Brian,Murphy,5,97,1,0,0,0,0,0,0.0,0.0,0.0,0,0,0.0,0,0,0,0.2,40
111,Thibaut,Courtois,6,8,1,0,0,0,0,0,0.0,0.0,0.0,0,0,0.0,0,0,0,0.5,55
112,Willy,Caballero,6,8,1,0,0,0,0,0,0.0,0.0,0.0,0,0,0.0,0,0,0,0.1,47
113,César,Azpilicueta,6,8,2,0,2,75,1710,16,294.6,411.2,83.0,4,433,79.2,8,0,1,9.7,63
114,Gary,Cahill,6,8,2,0,0,1,21,0,0.0,2.8,0.0,0,3,0.3,0,0,0,0.6,51
115,Marcos,Alonso,6,8,2,1,7,104,1697,16,296.0,351.2,260.0,14,431,90.9,8,0,3,43.0,69
116,David,Luiz Moreira Marinho,6,8,2,1,0,79,1620,14,143.4,401.4,165.0,9,386,70.8,8,0,1,10.0,58
117,Victor,Moses,6,8,2,0,0,2,26,1,12.7,1.2,6.0,0,3,2.0,0,0,0,1.4,56
118,Antonio,Rüdiger,6,8,2,1,1,78,1688,16,95.4,335.6,206.0,6,380,63.9,8,0,3,5.0,60
119,Andreas,Christensen,6,8,2,0,0,0,90,2,2.5,15.8,0.0,0,11,1.8,0,0,1,0.4,50
120,Davide,Zappacosta,6,8,2,0,0,2,18,0,0.4,3.8,21.0,0,5,2.5,0,0,0,0.1,51
121,Emerson,Palmieri dos Santos,6,8,2,0,0,1,5,0,0.0,0.0,0.0,0,3,0.0,0,0,0,0.1,52
122,Eden,Hazard,6,8,3,10,9,133,1403,13,700.0,641.0,711.0,19,467,205.5,6,0,2,36.2,110
123,Cesc,Fàbregas,6,8,3,0,0,5,153,2,44.1,27.6,8.0,0,33,7.9,0,0,1,0.4,62
124,Willian,Borges Da Silva,6,8,3,2,4,65,1223,14,631.5,309.2,397.0,2,290,133.9,8,0,1,4.6,72
125,Pedro,Rodríguez Ledesma,6,8,3,6,1,71,937,6,236.0,324.8,383.0,9,250,93.9,4,0,1,4.8,63
126,N'Golo,Kanté,6,8,3,2,2,60,1696,16,380.7,333.6,215.0,1,302,93.0,8,0,3,16.9,49
127,Ross,Barkley,6,8,3,3,3,51,541,6,139.1,202.0,217.0,5,171,55.6,3,0,0,2.4,54
128,Daniel,Drinkwater,6,8,3,0,0,0,0,0,0.0,0.0,0.0,0,0,0.0,0,0,0,0.1,47
129,Tiemoué,Bakayoko,6,8,3,0,0,0,0,0,0.0,0.0,0.0,0,0,0.0,0,0,0,0.1,49
130,Ethan,Ampadu,6,8,3,0,0,0,0,0,0.0,0.0,0.0,0,0,0.0,0,0,0,0.0,44
131,Callum,Hudson-Odoi,6,8,3,0,0,1,42,1,0.0,0.0,0.0,0,5,0.0,0,0,0,2.0,42
132,Ruben,Loftus-Cheek,6,8,3,3,0,29,274,2,66.0,147.6,107.0,3,102,32.1,1,0,0,0.7,52
133,Olivier,Giroud,6,8,4,1,4,37,526,2,181.3,136.8,306.0,2,115,61.3,4,0,1,2.0,77
134,Álvaro,Morata,6,8,4,5,0,43,832,11,122.8,202.6,465.0,3,117,78.0,5,0,3,1.6,85
459,Jorge Luiz,Frello Filho,6,8,3,1,0,47,1553,14,266.0,311.8,52.0,1,271,62.9,8,0,3,6.9,48
496,Tammy,Abraham,6,8,4,0,0,0,0,0,0.0,0.0,0.0,0,0,0.0,0,0,0,0.1,54
498,Kepa,Arrizabalaga,6,8,1,0,0,76,1710,16,0.1,321.2,0.0,3,355,31.9,8,0,1,5.8,56
499,Mateo,Kovacic,6,8,3,0,2,42,990,8,278.3,160.8,199.0,2,204,64.0,7,0,1,0.7,58
135,Wayne,Hennessey,7,31,1,0,0,64,1440,23,0.0,333.4,0.0,6,291,33.4,5,0,0,5.2,45
136,Julian,Speroni,7,31,1,0,0,0,0,0,0.0,0.0,0.0,0,0,0.0,0,0,0,9.6,39
137,Vicente,Guaita,7,31,1,0,0,15,270,2,0.0,59.8,0.0,2,63,6.0,2,0,2,0.4,42
138,James,Tomkins,7,31,2,0,1,45,1409,20,48.1,268.8,118.0,0,278,43.7,6,0,5,2.5,43
139,Scott,Dann,7,31,2,0,0,0,0,0,0.0,0.0,0.0,0,0,0.0,0,0,0,0.0,44
140,Martin,Kelly,7,31,2,0,0,10,300,5,5.0,90.8,0.0,1,52,9.6,1,0,0,5.5,39
141,Jeffrey,Schlupp,7,31,2,3,0,40,720,12,88.7,194.8,170.0,0,119,45.5,1,0,1,2.2,44
142,Patrick,van Aanholt,7,31,2,1,1,70,1674,23,222.9,290.8,286.0,8,309,80.0,7,0,3,3.9,54
143,Mamadou,Sakho,7,31,2,0,0,62,1710,25,74.1,377.0,13.0,8,373,46.5,7,0,2,1.6,49
144,Jairo,Riedewald,7,31,2,0,0,0,0,0,0.0,0.0,0.0,0,0,0.0,0,0,0,0.0,44
145,Aaron,Wan-Bissaka,7,31,2,0,1,65,1604,23,160.3,433.4,107.0,11,348,70.2,7,1,1,31.0,44
146,Jason,Puncheon,7,31,3,0,0,5,11,0,0.8,2.4,0.0,0,12,0.3,0,0,0,0.6,43
147,James,McArthur,7,31,3,2,2,62,1548,24,281.8,298.2,233.0,5,244,81.2,7,0,4,2.7,48
148,Bakary,Sako,7,31,3,0,0,0,0,0,0.0,0.0,0.0,0,0,0.0,0,0,0,0.0,50
149,Andros,Townsend,7,31,3,3,2,70,1670,23,559.6,370.8,345.0,5,281,127.7,7,0,1,2.7,58
150,Luka,Milivojevic,7,31,3,5,0,76,1710,25,335.3,500.8,268.0,12,334,110.5,7,0,4,4.0,61
151,Wilfried,Zaha,7,31,4,3,3,50,1437,22,364.8,258.6,531.0,3,143,115.5,6,0,6,11.5,67
152,Christian,Benteke,7,31,4,0,0,8,325,5,50.7,14.2,170.0,0,5,23.3,1,0,0,0.4,63
153,Alexander,Sørloth,7,31,4,0,0,12,173,3,38.3,19.2,59.0,0,32,11.3,0,0,0,0.2,48
412,Cheikhou,Kouyaté,7,31,3,0,2,37,1034,16,139.4,188.2,135.0,0,148,46.0,6,0,2,0.3,47
441,Joel,Ward,7,31,2,0,0,2,101,3,3.1,29.8,4.0,0,6,3.7,0,0,0,0.2,43
442,Jaroslaw,Jach,7,31,2,0,0,0,0,0,0.0,0.0,0.0,0,0,0.0,0,0,0,0.0,40
443,Pape,Souaré,7,31,2,0,0,1,1,0,0.1,1.0,0.0,0,3,0.1,0,0,0,0.1,42
444,Connor,Wickham,7,31,4,0,0,2,28,0,30.6,6.0,47.0,0,5,8.4,0,0,0,0.1,49
477,Sullay,Kaikai,7,31,3,0,0,0,0,0,0.0,0.0,0.0,0,0,0.0,0,0,0,0.2,43
486,Max,Meyer,7,31,3,0,3,37,933,15,205.2,135.4,324.0,0,134,66.2,4,0,2,0.2,56
505,Jordan,Ayew,7,31,4,0,1,22,663,6,96.2,45.4,180.0,0,29,32.1,3,0,1,0.2,57
154,Jordan,Pickford,8,11,1,0,0,70,1710,29,10.0,422.4,0.0,7,334,43.2,4,0,1,14.6,50
155,Maarten,Stekelenburg,8,11,1,0,0,0,0,0,0.0,0.0,0.0,0,0,0.0,0,0,0,3.7,40
156,Leighton,Baines,8,11,2,0,0,5,284,5,74.7,39.8,15.0,0,40,13.0,0,0,0,0.6,51
157,Seamus,Coleman,8,11,2,1,0,38,1316,22,168.3,244.4,84.0,2,218,49.5,3,0,1,1.3,52
158,Phil,Jagielka,8,11,2,0,0,-2,53,2,0.0,1.2,0.0,0,-2,0.1,0,1,0,0.5,43
159,Ashley,Williams,8,11,2,0,0,0,0,0,0.0,0.0,0.0,0,0,0.0,0,0,0,0.1,45
160,Mason,Holgate,8,11,2,0,0,5,407,9,5.0,92.2,2.0,0,61,9.9,0,0,1,0.1,43
161,Jonjoe,Kenny,8,11,2,0,1,13,360,6,35.1,69.4,7.0,0,62,11.1,1,0,0,0.2,42
162,Michael,Keane,8,11,2,1,2,62,1440,24,62.7,383.0,207.0,11,306,65.5,4,0,0,4.1,50
163,Cuco,Martina,8,11,2,0,0,0,0,0,0.0,0.0,0.0,0,0,0.0,0,0,0,0.0,45
164,Theo,Walcott,8,11,3,3,3,68,1411,25,243.9,274.4,433.0,4,193,95.1,5,0,0,3.6,61
165,Yannick,Bolasie,8,11,3,0,0,0,0,0,0.0,0.0,0.0,0,0,0.0,0,0,0,0.1,58
166,James,McCarthy,8,11,3,0,0,0,0,0,0.0,0.0,0.0,0,0,0.0,0,0,0,0.0,44
167,Morgan,Schneiderlin,8,11,3,0,1,11,285,7,66.5,61.6,10.0,0,67,13.8,0,0,1,1.7,42
168,Idrissa,Gueye,8,11,3,0,0,31,1332,18,110.7,273.2,33.0,0,211,41.7,4,0,4,0.3,48
169,Tom,Davies,8,11,3,0,0,15,605,13,59.2,77.2,26.0,0,82,16.3,1,0,2,0.1,51
170,Ademola,Lookman,8,11,3,0,1,15,308,3,112.7,69.2,42.0,0,65,22.5,0,0,0,0.1,51
171,Davy,Klaassen,8,11,3,0,0,0,0,0,0.0,0.0,0.0,0,0,0.0,0,0,0,0.0,60
172,Gylfi,Sigurdsson,8,11,3,8,3,96,1593,26,583.8,520.6,518.0,12,346,162.2,5,0,3,6.3,73
173,Nikola,Vlasic,8,11,3,0,0,0,0,0,0.0,0.0,0.0,0,0,0.0,0,0,0,0.0,50
174,Beni,Baningime,8,11,3,0,0,0,0,0,0.0,0.0,0.0,0,0,0.0,0,0,0,0.1,43
175,Dominic,Calvert-Lewin,8,11,4,3,2,41,636,17,68.5,141.4,201.0,2,133,40.6,0,0,2,1.1,53
176,Oumar,Niasse,8,11,4,0,0,4,48,0,13.1,2.8,16.0,0,-2,2.9,0,0,0,0.3,50
177,Cenk,Tosun,8,11,4,2,2,33,609,10,88.9,134.2,290.0,0,103,50.9,0,0,1,1.7,65
393,Richarlison,de Andrade,8,11,3,9,2,93,1382,24,163.1,436.0,645.0,11,242,123.9,4,1,2,30.8,70
469,Kevin,Mirallas,8,11,3,0,0,0,0,0,0.0,0.0,0.0,0,0,0.0,0,0,0,0.0,55
470,Sandro,Ramírez,8,11,4,0,0,0,0,0,0.0,0.0,0.0,0,0,0.0,0,0,0,0.1,54
484,Lucas,Digne,8,11,2,3,2,72,1429,24,568.8,461.8,130.0,9,354,116.0,4,0,2,7.9,51
506,Yerry,Mina,8,11,2,1,0,27,631,8,26.2,151.6,39.0,2,126,21.7,2,0,2,0.8,54
507,Bernard,Anício Caldeira Duarte,8,11,3,0,4,43,818,10,255.0,157.4,99.0,4,146,51.1,4,0,2,0.2,59
508,André Filipe,Tavares Gomes,8,11,3,0,1,25,927,15,74.4,119.0,117.0,0,117,31.2,3,0,2,0.2,54
526,Kurt,Zouma,8,11,2,0,1,35,1083,22,29.8,210.6,49.0,4,200,29.0,2,0,0,0.2,50
528,Kieran,Dowell,8,11,3,0,0,0,0,0,0.0,0.0,0.0,0,0,0.0,0,0,0,0.0,45
532,Tyias,Browning,8,11,2,0,0,0,0,0,0.0,0.0,0.0,0,0,0.0,0,0,0,0.1,40
9,Calum,Chambers,9,54,2,0,0,17,966,18,58.6,231.6,174.0,0,146,46.5,1,0,3,0.9,42
178,Marcus,Bettinelli,9,54,1,0,0,15,630,20,0.0,195.0,0.0,0,114,19.4,0,0,1,0.4,44
180,Tim,Ream,9,54,2,0,0,13,644,19,14.6,101.2,0.0,2,101,11.6,1,0,0,0.1,42
181,Denis,Odoi,9,54,2,0,0,20,1485,37,99.5,342.4,28.0,0,236,47.2,1,0,2,0.1,44
182,Tom,Cairney,9,54,3,0,1,27,890,22,256.5,143.8,59.0,0,166,46.0,1,0,0,0.5,47
183,Kevin,McDonald,9,54,3,0,0,11,622,21,65.6,68.8,15.0,0,81,15.0,0,1,2,0.2,43
184,Ryan,Sessegnon,9,54,3,2,3,52,1255,37,269.7,265.0,262.0,3,176,79.8,0,0,0,2.1,60
185,Stefan,Johansen,9,54,3,0,0,11,409,12,33.0,48.8,7.0,0,48,9.0,0,0,4,0.1,51
186,Floyd,Ayité,9,54,3,0,0,7,161,4,6.9,12.2,9.0,0,16,2.6,0,0,0,0.1,43
187,Neeskens,Kebano,9,54,3,0,0,2,27,1,1.4,5.0,2.0,0,7,0.9,0,0,0,0.0,44
188,Rui Pedro,da Rocha Fonte,9,54,3,0,0,0,0,0,0.0,0.0,0.0,0,0,0.0,0,0,0,0.1,44
189,Aboubakar,Kamara,9,54,4,2,0,24,614,15,134.2,106.6,171.0,2,62,39.9,1,0,2,10.1,44
455,Maxime,Le Marchand,9,54,2,0,1,15,1035,27,76.6,261.6,54.0,1,180,39.4,0,0,1,0.2,42
456,Jean Michael,Seri,9,54,3,1,2,51,1490,36,577.5,323.2,69.0,6,290,97.1,2,0,3,1.8,51
460,Cyrus,Christie,9,54,2,0,0,17,980,21,160.3,207.8,57.0,0,122,42.4,1,0,2,0.1,42
474,Fabricio,Agosto Ramírez,9,54,1,0,0,8,180,5,0.0,115.2,0.0,2,47,11.5,0,0,0,0.3,43
478,André,Schürrle,9,54,3,5,0,58,1305,34,257.0,288.8,353.0,0,201,89.2,2,0,2,3.4,57
480,Aleksandar,Mitrovic,9,54,4,7,3,78,1660,42,250.0,394.6,888.0,8,239,153.5,1,0,4,17.6,67
487,Alfie,Mawson,9,54,2,0,0,17,990,22,22.3,229.0,29.0,2,151,28.0,1,0,2,0.1,48
509,Sergio,Rico,9,54,1,0,0,27,900,18,20.0,272.8,0.0,1,175,29.2,1,0,0,0.3,44
510,Joe,Bryan,9,54,2,0,0,15,688,16,109.0,127.0,29.0,0,116,26.5,1,0,0,0.1,48
511,Timothy,Fosu-Mensah,9,54,2,0,0,4,502,12,85.9,65.4,26.0,0,64,17.6,0,0,2,0.4,45
512,André-Frank,Zambo Anguissa,9,54,3,0,0,15,636,17,54.8,121.8,45.0,0,91,22.2,0,1,0,0.1,44
513,Luciano,Vietto,9,54,4,0,4,32,640,16,205.3,131.2,146.0,3,103,47.9,0,0,1,0.5,54
521,Ibrahima,Cissé,9,54,3,0,0,1,17,1,0.3,0.4,0.0,0,3,0.1,0,0,0,0.1,44
541,Zeze Steven,Sessegnon,9,54,2,0,0,0,0,0,0.0,0.0,0.0,0,0,0.0,0,0,0,0.1,40
190,Ben,Hamer,10,38,1,0,0,4,192,9,0.0,78.4,0.0,0,39,7.8,0,0,0,8.5,40
191,Jonas,Lössl,10,38,1,0,0,50,1517,25,20.3,370.0,0.0,2,274,39.0,3,0,0,1.7,44
192,Christopher,Schindler,10,38,2,1,1,53,1690,34,29.5,315.2,82.0,7,270,42.8,3,0,2,3.4,44
193,Chris,Löwe,10,38,2,0,2,32,1146,26,251.4,198.4,68.0,6,194,51.7,1,0,1,0.2,44
194,Tommy,Smith,10,38,2,0,0,5,266,7,16.4,32.6,12.0,0,39,6.2,1,0,2,0.1,44
195,Mathias,Jorgensen,10,38,2,3,1,53,1517,28,64.3,417.0,147.0,4,290,63.1,2,0,6,3.1,44
196,Scott,Malone,10,38,2,0,0,0,0,0,0.0,0.0,0.0,0,0,0.0,0,0,0,1.4,40
197,Florent,Hadergjonaj,10,38,2,0,0,35,1318,26,250.2,177.0,78.0,0,217,50.4,3,0,1,0.1,44
198,Terence,Kongolo,10,38,2,1,0,35,1311,27,68.8,253.0,92.0,0,198,41.5,3,0,2,0.3,43
199,Aaron,Mooy,10,38,3,2,0,44,1322,20,457.6,303.6,216.0,3,243,97.9,3,0,2,1.2,51
200,Rajiv,van La Parra,10,38,3,0,0,10,405,6,57.6,27.8,41.0,0,13,12.6,1,0,0,0.0,47
201,Jonathan,Hogg,10,38,3,0,1,29,1075,16,142.0,200.8,24.0,3,178,36.7,3,1,2,0.4,44
202,Philip,Billing,10,38,3,2,0,48,1570,32,286.2,394.6,244.0,4,251,92.6,3,0,5,2.0,45
203,Tom,Ince,10,38,3,0,0,0,0,0,0.0,0.0,0.0,0,0,0.0,0,0,0,0.0,50
204,Danny,Williams,10,38,3,0,0,4,83,0,1.1,5.0,1.0,0,6,0.6,1,0,1,0.0,45
205,Abdelhamid,Sabiri,10,38,3,0,0,2,48,3,0.5,4.2,2.0,0,6,0.7,0,0,0,0.1,43
206,Alex,Pritchard,10,38,3,1,0,36,1217,25,204.7,145.6,367.0,0,114,71.7,3,0,1,0.1,48
207,Ramadan,Sobhi,10,38,3,0,0,4,75,2,48.2,15.4,6.0,0,13,6.9,0,0,0,0.1,47
208,Juninho,Bacuna,10,38,3,0,0,6,205,5,83.9,44.0,9.0,0,32,13.6,0,0,1,0.2,43
209,Collin,Quaner,10,38,4,0,0,2,37,2,13.7,2.2,0.0,0,3,1.6,0,0,0,3.7,43
210,Laurent,Depoitre,10,38,4,0,1,27,921,20,108.4,39.4,329.0,0,23,47.0,0,0,1,0.5,51
211,Steve,Mounie,10,38,4,0,4,32,886,18,161.9,123.4,417.0,0,66,68.8,2,1,0,0.1,58
212,Elias,Kachunga,10,38,4,0,0,5,234,4,18.5,10.0,26.0,0,-1,5.1,0,0,1,0.1,48
461,Erik,Durm,10,38,2,0,1,26,964,20,158.0,150.4,82.0,2,150,39.0,1,0,0,0.1,44
471,Adama,Diakhaby,10,38,3,0,0,9,230,6,23.7,18.2,10.0,0,17,5.0,1,0,0,0.0,45
514,Isaac,Mbenza,10,38,3,0,0,15,363,7,26.3,32.0,116.0,0,50,17.1,0,0,1,0.0,59
522,Jon Gorenc,Stankovic,10,38,2,1,0,6,91,6,0.3,49.6,34.0,0,26,8.4,0,0,0,3.6,39
533,Ryan,Schofield,10,38,1,0,0,0,0,0,0.0,0.0,0.0,0,0,0.0,0,0,0,0.2,40
213,Kasper,Schmeichel,11,13,1,0,0,69,1710,22,0.0,369.0,4.0,6,326,37.2,6,0,1,4.9,50
214,Eldin,Jakupovic,11,13,1,0,0,0,0,0,0.0,0.0,0.0,0,0,0.0,0,0,0,0.1,44
215,Wes,Morgan,11,13,2,0,0,39,1300,17,35.5,254.0,113.0,2,222,40.3,5,2,1,1.0,45
216,Christian,Fuchs,11,13,2,0,0,2,90,1,32.1,20.2,0.0,0,16,5.2,0,0,0,0.4,42
217,Danny,Simpson,11,13,2,0,0,4,103,1,1.0,28.4,0.0,0,19,2.9,0,0,0,0.2,42
218,Yohan,Benalouane,11,13,2,0,0,0,0,0,0.0,0.0,0.0,0,0,0.0,0,0,0,0.9,39
219,Benjamin,Chilwell,11,13,2,0,2,63,1620,21,303.3,305.0,141.0,5,280,75.2,6,0,1,2.5,51
220,Harry,Maguire,11,13,2,2,1,50,1196,18,40.2,359.8,241.0,6,275,64.1,3,0,4,9.1,54
221,Ricardo Domingos,Barbosa Pereira,11,13,2,2,3,78,1413,19,155.8,406.4,170.0,11,313,73.2,6,0,3,7.1,51
222,Jonny,Evans,11,13,2,0,0,30,691,7,13.0,122.4,73.0,0,145,20.9,4,0,1,0.3,48
224,Marc,Albrighton,11,13,3,2,2,46,1063,12,287.8,288.0,195.0,3,205,77.1,3,0,3,0.5,51
225,Demarai,Gray,11,13,3,2,1,43,974,12,135.6,171.0,247.0,2,116,55.1,4,0,2,0.9,54
226,Daniel,Amartey,11,13,3,0,0,15,639,9,46.7,139.0,21.0,0,103,20.8,1,0,2,0.2,43
227,Wilfred,Ndidi,11,13,3,1,0,47,1678,21,190.2,348.4,187.0,3,260,72.6,6,0,4,0.8,49
228,Vicente,Iborra,11,13,3,0,0,9,224,4,27.8,26.8,25.0,0,31,8.0,0,0,0,0.0,47
229,Matty,James,11,13,3,0,0,0,0,0,0.0,0.0,0.0,0,0,0.0,0,0,0,0.0,44
230,Hamza,Choudhury,11,13,3,0,0,5,152,1,12.2,17.4,33.0,0,12,6.3,1,0,0,0.1,43
231,Adrien Sebastian,Perruchet Silva,11,13,3,0,0,3,87,1,6.3,14.2,0.0,0,16,2.1,0,0,0,0.2,47
232,Fousseni,Diabaté,11,13,3,0,0,1,54,1,15.8,7.4,0.0,0,4,2.3,0,0,0,0.0,46
233,James,Maddison,11,13,3,5,3,76,1384,21,623.0,411.4,329.0,7,330,136.1,5,1,1,5.2,68
234,Jamie,Vardy,11,13,4,6,2,66,1108,13,133.6,292.6,495.0,13,200,92.0,6,1,1,3.5,88
235,Shinji,Okazaki,11,13,4,0,1,16,157,1,22.0,35.0,65.0,0,38,12.0,0,0,0,0.6,52
236,Kelechi,Iheanacho,11,13,4,1,5,46,810,10,190.0,127.6,192.0,3,132,50.6,1,0,1,1.1,59
457,Danny,Ward,11,13,1,0,0,0,0,0,0.0,0.0,0.0,0,0,0.0,0,0,0,0.2,43
492,Rachid,Ghezzal,11,13,3,1,0,20,479,9,226.0,105.4,143.0,2,77,47.3,1,0,2,0.1,51
501,Filip,Benkovic,11,13,2,0,0,0,0,0,0.0,0.0,0.0,0,0,0.0,0,0,0,0.0,50
515,Caglar,Söyüncü,11,13,2,0,0,5,191,2,1.4,31.0,22.0,0,22,5.5,0,0,1,0.0,49
527,Nampalys,Mendy,11,13,3,0,1,40,1498,19,70.1,177.8,20.0,0,203,27.0,6,0,3,1.2,45
558,Josh,Knight,11,13,2,0,0,0,0,0,0.0,0.0,0.0,0,0,0.0,0,0,0,0.0,40
237,Simon,Mignolet,12,14,1,0,0,0,0,0,0.0,0.0,0.0,0,0,0.0,0,0,0,0.1,48
238,Loris,Karius,12,14,1,0,0,0,0,0,0.0,0.0,0.0,0,0,0.0,0,0,0,0.1,49
239,Dejan,Lovren,12,14,2,1,0,49,630,2,26.6,176.2,66.0,9,179,26.9,5,0,0,2.9,49
240,Alberto,Moreno,12,14,2,0,0,4,154,2,42.0,20.0,5.0,0,24,6.7,0,0,0,0.3,42
241,Nathaniel,Clyne,12,14,2,0,0,4,101,1,3.8,15.2,28.0,0,20,4.7,0,0,0,0.4,45
242,Joseph,Gomez,12,14,2,0,0,52,1047,4,91.8,208.6,44.0,2,259,34.5,7,0,2,1.4,49
243,Joel,Matip,12,14,2,1,0,28,275,2,7.1,89.6,23.0,3,100,12.0,2,0,0,0.2,49
244,Ragnar,Klavan,12,14,2,0,0,0,0,0,0.0,0.0,0.0,0,0,0.0,0,0,0,0.0,44
245,Trent,Alexander-Arnold,12,14,2,1,3,84,1232,5,307.0,291.2,145.0,8,325,74.2,9,0,3,18.1,51
246,Virgil,van Dijk,12,14,2,1,2,103,1674,7,53.4,464.8,248.0,11,463,76.7,11,0,1,25.9,63
247,Andrew,Robertson,12,14,2,0,4,109,1521,5,352.8,322.8,148.0,15,449,82.5,12,0,0,35.2,66
248,Alex,Oxlade-Chamberlain,12,14,3,0,0,0,0,0,0.0,0.0,0.0,0,0,0.0,0,0,0,0.0,64
249,Jordan,Henderson,12,14,3,0,0,26,842,4,113.4,122.0,13.0,0,166,25.1,5,1,0,0.6,53
250,Adam,Lallana,12,14,3,0,1,11,188,0,38.6,28.4,65.0,0,40,13.2,2,0,1,0.7,69
251,Sadio,Mané,12,14,3,7,2,96,1434,6,318.5,398.8,601.0,13,299,131.8,10,0,1,20.7,96
252,Georginio,Wijnaldum,12,14,3,1,1,54,1427,6,192.5,205.4,181.0,3,218,58.1,10,0,1,1.2,55
253,Mohamed,Salah,12,14,3,12,7,137,1575,6,569.6,669.4,1098.0,7,404,234.0,12,0,0,39.7,132
254,James,Milner,12,14,3,3,2,61,1064,6,370.8,332.4,156.0,9,254,86.3,6,0,2,3.7,56
255,Fabio Henrique,Tavares,12,14,3,1,2,29,683,3,96.0,172.8,105.0,0,110,37.5,4,0,3,0.6,55
256,Naby,Keita,12,14,3,0,0,28,736,2,94.2,112.6,246.0,0,101,45.3,6,0,0,1.7,72
257,Roberto,Firmino,12,14,4,4,5,77,1424,3,358.3,325.6,602.0,10,301,128.1,14,0,0,15.7,92
259,Dominic,Solanke,12,14,4,0,0,0,0,0,0.0,0.0,0.0,0,0,0.0,0,0,0,0.2,47
462,Xherdan,Shaqiri,12,14,3,6,4,72,712,3,253.3,317.2,260.0,4,223,83.1,6,0,1,3.5,71
468,Alisson,Ramses Becker,12,14,1,0,0,98,1710,7,0.0,365.2,0.0,5,411,36.4,12,0,0,23.8,59
472,Daniel,Sturridge,12,14,4,2,0,21,259,2,75.1,95.4,148.0,2,84,31.7,1,0,1,1.0,57
543,Divock,Origi,12,14,4,1,1,11,71,1,23.3,50.0,42.0,1,40,11.5,0,0,0,0.1,50
557,Rafael,Camacho,12,14,3,0,0,0,0,0,0.0,0.0,0.0,0,0,0.0,0,0,0,0.0,50
223,Riyad,Mahrez,13,43,3,5,2,67,854,6,271.6,298.2,446.0,9,227,101.7,3,0,0,2.7,85
260,Ederson,Santana de Moraes,13,43,1,0,1,79,1710,15,23.0,296.0,0.0,4,326,31.9,8,0,1,23.9,57
261,Claudio,Bravo,13,43,1,0,0,0,0,0,0.0,0.0,0.0,0,0,0.0,0,0,0,0.1,48
262,John,Stones,13,43,2,0,0,42,1073,12,84.2,222.6,28.0,5,242,33.5,4,0,1,5.7,53
263,Vincent,Kompany,13,43,2,0,0,19,376,2,23.8,109.0,12.0,2,98,14.6,2,0,2,1.2,52
264,Nicolás,Otamendi,13,43,2,0,0,29,596,5,23.8,137.6,52.0,0,161,21.3,4,0,0,2.5,61
265,Kyle,Walker,13,43,2,1,0,66,1350,11,179.8,250.8,84.0,4,313,51.5,7,0,0,12.5,65
266,Danilo Luiz,da Silva,13,43,2,0,0,3,180,3,12.0,35.4,49.0,0,28,9.6,0,0,0,0.3,51
267,Benjamin,Mendy,13,43,2,0,6,57,810,5,213.3,231.2,63.0,6,250,50.6,4,0,1,6.9,62
268,Aymeric,Laporte,13,43,2,1,0,72,1621,14,128.3,365.2,164.0,1,362,66.0,8,0,1,14.4,60
269,Fabian,Delph,13,43,2,0,1,28,712,9,96.6,153.4,24.0,2,183,27.3,3,1,1,0.7,53
270,Raheem,Sterling,13,43,3,9,7,116,1293,12,486.5,558.2,785.0,13,392,183.2,7,0,1,15.8,114
271,David,Silva,13,43,3,5,2,73,1094,7,574.0,381.8,583.0,8,322,154.1,7,0,1,3.7,85
272,Fernando,Luiz Rosa,13,43,3,1,3,58,1501,10,239.1,375.6,141.0,4,316,75.8,8,0,2,4.2,54
273,Kevin,De Bruyne,13,43,3,1,0,13,193,1,83.6,67.6,37.0,2,59,18.8,0,0,1,4.3,97
274,Ilkay,Gündogan,13,43,3,4,2,60,834,11,333.6,269.2,261.0,8,251,86.3,3,0,0,2.6,54
275,Leroy,Sané,13,43,3,6,9,96,1069,10,448.6,449.0,685.0,7,326,158.4,5,0,1,14.5,96
276,Bernardo Mota,Veiga de Carvalho e Silva,13,43,3,5,4,84,1488,14,524.6,433.0,492.0,9,351,145.1,6,0,2,6.6,75
277,Phil,Foden,13,43,3,0,0,8,92,0,63.6,18.6,69.0,0,34,15.1,0,0,0,0.1,46
278,Brahim,Diaz,13,43,3,0,0,0,0,0,0.0,0.0,0.0,0,0,0.0,0,0,0,0.0,47
279,Oleksandr,Zinchenko,13,43,3,0,0,4,143,1,58.8,34.2,30.0,0,36,12.3,1,0,0,0.0,47
280,Sergio,Agüero,13,43,4,8,7,87,1085,8,298.1,406.8,779.0,9,324,148.3,7,0,3,22.2,112
281,Gabriel Fernando,de Jesus,13,43,4,3,2,42,685,9,182.2,203.6,573.0,4,128,95.9,0,0,0,1.8,101
529,Arijanet,Muric,13,43,1,0,0,0,0,0,0.0,0.0,0.0,0,0,0.0,0,0,0,0.0,45
282,David,De Gea,14,1,1,0,0,53,1710,31,0.0,445.6,0.0,1,311,44.6,2,0,0,14.8,57
283,Sergio,Romero,14,1,1,0,0,0,0,0,0.0,0.0,0.0,0,0,0.0,0,0,0,0.1,50
284,Chris,Smalling,14,1,2,1,0,35,1137,19,16.2,258.0,116.0,3,188,39.1,2,0,1,1.4,56
285,Phil,Jones,14,1,2,0,0,7,417,7,4.0,88.4,19.0,0,73,11.2,0,0,0,0.5,51
286,Luke,Shaw,14,1,2,1,2,34,1241,24,216.7,276.6,163.0,3,201,65.7,1,0,6,5.7,49
287,Marcos,Rojo,14,1,2,0,0,-1,103,3,1.5,14.2,24.0,0,1,4.0,0,0,1,0.1,49
288,Antonio,Valencia,14,1,2,0,0,10,360,5,96.1,52.0,3.0,1,69,15.1,1,0,2,0.7,64
289,Matteo,Darmian,14,1,2,0,0,12,360,6,34.3,77.4,7.0,2,66,11.9,1,0,0,0.2,46
290,Daley,Blind,14,1,2,0,0,0,0,0,0.0,0.0,0.0,0,0,0.0,0,0,0,0.0,50
291,Eric,Bailly,14,1,2,0,0,7,380,11,1.6,75.4,6.0,0,58,8.4,0,0,0,1.5,50
292,Victor,Lindelöf,14,1,2,0,0,30,1258,21,21.2,253.8,27.0,1,220,30.3,2,0,0,1.2,48
293,Ashley,Young,14,1,2,1,3,35,1207,24,279.1,274.0,72.0,1,210,62.5,1,0,5,2.0,57
294,José Diogo,Dalot Teixeira,14,1,2,0,0,4,295,4,80.2,39.6,11.0,0,36,13.1,0,0,2,0.1,53
295,Alexis,Sánchez,14,1,3,1,3,29,474,7,195.8,140.8,223.0,1,102,56.0,1,0,2,1.2,100
296,Nemanja,Matic,14,1,3,1,0,35,1406,25,145.7,293.2,146.0,2,222,58.5,2,1,3,0.7,50
297,Juan,Mata,14,1,3,2,2,41,716,10,201.9,153.2,152.0,5,161,50.9,2,0,1,1.2,62
298,Marouane,Fellaini,14,1,3,0,2,26,746,14,65.6,172.2,145.0,0,119,38.1,1,0,1,0.6,49
299,Ander,Herrera,14,1,3,2,2,39,669,14,87.6,247.8,141.0,6,167,47.8,0,0,1,0.9,50
300,Jesse,Lingard,14,1,3,4,2,55,896,15,180.9,242.4,258.0,5,184,68.2,1,0,1,7.4,68
301,Anthony,Martial,14,1,3,8,1,77,880,16,283.2,359.0,387.0,11,245,102.9,1,0,1,10.6,74
302,Paul,Pogba,14,1,3,5,6,79,1314,20,350.6,506.2,553.0,8,280,141.3,3,0,2,15.8,80
303,Scott,McTominay,14,1,3,0,0,8,251,8,9.1,40.6,37.0,0,40,8.7,0,0,0,0.6,42
304,Frederico,Rodrigues de Paula Santos,14,1,3,1,0,22,563,10,124.7,117.0,65.0,3,92,30.7,1,0,2,1.3,55
305,Marcus,Rashford,14,1,4,4,5,56,1011,16,263.5,309.0,380.0,3,189,95.0,2,1,2,17.8,72
306,Romelu,Lukaku,14,1,4,6,1,61,1183,25,207.7,284.8,548.0,8,186,104.2,2,0,2,4.0,107
481,Andreas,Pereira,14,1,3,0,0,4,159,5,8.9,31.6,16.0,0,30,5.7,0,0,2,0.2,45
520,Lee,Grant,14,1,1,0,0,0,0,0,0.0,0.0,0.0,0,0,0.0,0,0,0,0.0,49
568,Angel,Gomes,14,1,3,0,0,1,9,1,0.3,5.2,17.0,0,3,2.3,0,0,0,0.0,50
307,Robert,Elliot,15,4,1,0,0,0,0,0,0.0,0.0,0.0,0,0,0.0,0,0,0,0.2,43
308,Karl,Darlow,15,4,1,0,0,0,0,0,0.0,0.0,0.0,0,0,0.0,0,0,0,0.1,44
309,Martin,Dubravka,15,4,1,0,0,72,1710,26,0.0,450.4,0.0,7,347,44.9,6,0,0,0.6,50
310,DeAndre,Yedlin,15,4,2,1,1,36,1401,26,216.1,262.0,65.0,1,189,54.4,3,1,3,1.1,45
311,Ciaran,Clark,15,4,2,2,0,34,767,13,24.4,251.2,88.0,3,167,36.6,2,0,1,0.2,45
312,Jamaal,Lascelles,15,4,2,0,0,45,1260,17,15.7,317.2,68.0,5,252,40.3,5,0,1,3.2,47
313,Paul,Dummett,15,4,2,0,0,42,1081,14,73.8,217.8,31.0,3,208,32.3,5,0,0,0.2,44
314,Florian,Lejeune,15,4,2,0,0,0,0,0,0.0,0.0,0.0,0,0,0.0,0,0,0,0.0,44
315,Javier,Manquillo,15,4,2,0,1,24,543,8,45.5,113.8,7.0,3,110,16.7,2,0,1,0.4,43
316,Chancel,Mbemba,15,4,2,0,0,0,0,0,0.0,0.0,0.0,0,0,0.0,0,0,0,0.1,40
317,Matt,Ritchie,15,4,3,0,2,38,1286,19,397.8,197.8,240.0,0,164,83.4,5,0,5,0.4,58
318,Jonjo,Shelvey,15,4,3,0,1,22,700,9,257.2,154.2,105.0,0,110,51.7,3,0,0,0.4,53
319,Mohamed,Diamé,15,4,3,0,0,41,1684,26,62.4,223.4,130.0,0,137,41.8,6,0,3,0.1,49
320,Christian,Atsu,15,4,3,0,0,17,571,7,135.9,103.4,139.0,0,52,37.8,2,0,2,0.1,51
321,Jacob,Murphy,15,4,3,0,1,15,288,8,30.0,53.6,22.0,0,47,10.6,1,0,0,0.0,47
322,Mikel,Merino,15,4,3,0,0,0,0,0,0.0,0.0,0.0,0,0,0.0,0,0,0,0.0,50
323,Isaac,Hayden,15,4,3,0,0,5,235,6,13.4,45.6,6.0,0,29,6.5,0,1,0,0.1,43
324,Sung-yueng,Ki,15,4,3,0,1,25,844,12,212.5,123.8,25.0,1,139,36.1,2,0,1,0.1,47
325,Dwight,Gayle,15,4,4,0,0,0,0,0,0.0,0.0,0.0,0,0,0.0,0,0,0,0.1,60
326,Ayoze,Pérez,15,4,4,2,1,50,1332,18,319.9,265.4,298.0,6,182,88.4,5,0,0,1.2,61
327,Jose Luis,Mato Sanmartín,15,4,4,2,0,28,577,15,35.6,116.2,288.0,3,80,43.9,1,0,1,2.8,48
458,Robert Kenedy,Nunes do Nascimento,15,4,3,1,1,42,1185,14,139.2,188.2,272.0,1,134,59.9,6,0,1,1.0,49
482,Fabian,Schär,15,4,2,0,0,17,663,7,29.0,214.0,58.0,0,120,30.1,2,0,5,0.1,46
488,Yoshinori,Muto,15,4,4,1,0,19,450,9,44.7,62.0,132.0,0,50,23.4,1,0,0,0.1,56
493,Salomón,Rondón,15,4,4,4,2,51,898,9,60.3,199.4,396.0,7,141,65.2,4,0,1,3.0,58
516,Federico,Fernández,15,4,2,0,2,41,1215,21,41.9,301.8,66.0,5,238,41.0,3,0,2,0.4,44
530,Jamie,Sterry,15,4,2,0,0,0,0,0,0.0,0.0,0.0,0,0,0.0,0,0,0,0.1,40
531,Sean,Longstaff,15,4,3,0,0,1,17,2,0.4,4.4,7.0,0,4,1.2,0,0,0,0.0,45
553,Frederick,Woodman,15,4,1,0,0,0,0,0,0.0,0.0,0.0,0,0,0.0,0,0,0,0.2,40
258,Danny,Ings,16,20,4,7,1,65,954,17,185.1,336.2,549.0,11,237,107.0,3,0,1,8.7,56
328,Alex,McCarthy,16,20,1,0,0,57,1620,33,0.0,437.8,0.0,5,316,43.9,4,0,1,3.1,45
329,Fraser,Forster,16,20,1,0,0,0,0,0,0.0,0.0,0.0,0,0,0.0,0,0,0,0.7,43
330,Ryan,Bertrand,16,20,2,1,0,33,1080,21,251.0,207.0,85.0,1,171,54.2,4,0,5,2.4,48
331,Maya,Yoshida,16,20,2,0,0,9,630,15,33.8,125.0,65.0,0,95,22.4,0,0,0,0.9,41
332,Cédric,Soares,16,20,2,1,2,44,1315,29,207.8,279.4,103.0,7,236,59.1,3,0,4,3.7,43
333,Jack,Stephens,16,20,2,0,0,21,686,14,56.7,152.2,77.0,1,133,28.6,3,0,2,0.2,42
334,Sam,McQueen,16,20,2,0,0,0,0,0,0.0,0.0,0.0,0,0,0.0,0,0,0,0.5,40
335,Jan,Bednarek,16,20,2,0,0,6,350,5,1.2,112.8,0.0,0,52,11.5,0,0,1,4.3,39
336,Wesley,Hoedt,16,20,2,0,0,29,1170,24,20.0,283.6,41.0,3,206,34.7,4,0,2,0.3,43
337,Steven,Davis,16,20,3,0,1,9,97,4,41.6,38.8,2.0,2,39,8.2,0,0,0,0.1,46
338,James,Ward-Prowse,16,20,3,0,0,9,297,12,189.6,64.8,77.0,0,49,33.1,0,0,1,0.2,50
339,Oriol,Romeu Vidal,16,20,3,0,0,15,621,12,47.2,119.0,25.0,0,66,19.2,2,0,4,1.6,43
340,Pierre-Emile,Højbjerg,16,20,3,2,1,41,1333,31,213.6,305.0,239.0,4,236,76.1,2,1,5,3.4,44
341,Sofiane,Boufal,16,20,3,0,0,0,0,0,0.0,0.0,0.0,0,0,0.0,0,0,0,0.0,55
342,Joshua,Sims,16,20,3,0,0,0,0,0,0.0,0.0,0.0,0,0,0.0,0,0,0,0.0,45
343,Nathan,Redmond,16,20,3,1,2,54,1573,32,421.5,265.8,373.0,3,209,106.0,4,0,0,0.6,52
344,Mario,Lemina,16,20,3,0,2,37,1346,27,162.5,231.6,170.0,1,204,56.5,4,0,5,0.2,48
345,Stuart,Armstrong,16,20,3,3,0,37,722,16,205.6,192.0,149.0,2,143,54.6,1,0,2,0.8,51
346,Mohamed,Elyounoussi,16,20,3,0,0,20,544,3,202.6,76.4,167.0,0,64,44.6,4,0,0,0.1,61
347,Shane,Long,16,20,4,0,1,17,484,12,80.6,60.8,157.0,0,39,30.0,1,0,1,1.0,47
348,Charlie,Austin,16,20,4,2,0,26,633,8,66.0,116.6,272.0,1,76,45.1,4,0,0,0.5,55
349,Manolo,Gabbiadini,16,20,4,1,0,23,468,12,72.7,74.4,167.0,3,56,30.8,0,0,0,0.2,56
350,Guido,Carrillo,16,20,4,0,0,0,0,0,0.0,0.0,0.0,0,0,0.0,0,0,0,0.0,55
452,Angus,Gunn,16,20,1,0,0,0,0,0,0.0,0.0,0.0,0,0,0.0,0,0,0,0.1,43
463,Jannik,Vestergaard,16,20,2,0,0,20,900,15,55.5,233.2,39.0,0,169,32.8,2,0,2,0.2,46
479,Matt,Targett,16,20,2,0,2,15,521,13,204.1,135.2,41.0,1,107,38.0,0,0,0,0.3,42
550,Michael,Obafemi,16,20,4,1,1,12,115,3,27.4,62.6,127.0,0,42,21.6,0,0,1,0.0,50
556,Yan,Valery,16,20,2,0,0,3,303,5,18.8,30.2,10.0,0,18,5.5,0,0,2,0.1,40
562,Tyreke,Johnson,16,20,3,0,0,1,1,0,0.0,0.0,0.0,0,3,0.0,0,0,0,0.0,45
565,Kayne,Ramsay,16,20,2,0,0,0,0,0,0.0,0.0,0.0,0,0,0.0,0,0,0,0.0,40
351,Hugo,Lloris,17,6,1,0,0,68,1350,13,0.0,367.4,0.0,5,319,36.8,7,0,0,4.7,54
352,Michel,Vorm,17,6,1,0,0,5,180,4,0.0,66.8,0.0,1,36,6.6,0,0,0,0.1,48
353,Toby,Alderweireld,17,6,2,0,0,66,1520,13,41.7,352.0,113.0,5,369,50.5,8,0,1,4.1,60
354,Danny,Rose,17,6,2,0,2,43,717,4,122.9,120.0,61.0,2,159,30.3,5,0,2,0.9,58
355,Jan,Vertonghen,17,6,2,1,0,28,759,11,34.3,211.8,62.0,4,157,30.7,2,1,0,4.1,59
356,Ben,Davies,17,6,2,0,0,41,1085,14,187.9,233.0,85.0,4,214,50.7,4,0,1,2.6,56
357,Kieran,Trippier,17,6,2,1,5,74,1174,11,399.2,338.8,79.0,8,330,81.7,6,0,2,18.8,61
358,Kyle,Walker-Peters,17,6,2,0,3,19,102,0,35.3,61.2,9.0,3,55,10.5,1,0,0,0.8,42
359,Davinson,Sánchez,17,6,2,0,2,36,703,7,14.7,179.8,63.0,4,183,25.8,3,0,1,1.4,58
360,Serge,Aurier,17,6,2,0,2,22,427,6,86.6,110.0,14.0,0,88,21.1,2,0,1,0.6,58
361,Eric,Dier,17,6,3,2,0,39,1117,12,113.8,239.0,74.0,1,190,42.8,5,0,3,1.3,48
362,Mousa,Dembélé,17,6,3,0,0,14,512,6,17.5,51.0,1.0,0,74,7.1,1,0,1,0.8,49
363,Erik,Lamela,17,6,3,4,2,49,562,6,164.4,211.6,313.0,4,145,68.7,3,0,0,0.5,62
364,Christian,Eriksen,17,6,3,3,7,71,1060,16,412.6,364.4,213.0,6,296,99.2,3,0,1,5.9,93
365,Bamidele,Alli,17,6,3,4,2,57,866,12,162.8,286.6,362.0,6,205,81.2,4,0,1,3.0,89
366,Victor,Wanyama,17,6,3,0,0,6,147,0,7.3,23.0,21.0,0,25,5.1,1,0,0,0.0,49
367,Heung-Min,Son,17,6,3,7,5,86,822,7,192.7,367.0,446.0,8,269,100.4,6,0,1,13.5,87
368,Harry,Winks,17,6,3,0,0,24,797,7,74.8,101.6,9.0,0,119,18.5,4,0,4,0.1,55
369,Moussa,Sissoko,17,6,3,0,1,37,1081,12,165.8,150.6,87.0,2,176,40.1,6,0,0,0.3,49
370,Lucas,Rodrigues Moura da Silva,17,6,3,6,2,83,1313,9,261.3,345.4,393.0,5,210,99.8,10,0,2,8.7,69
371,Fernando,Llorente,17,6,4,0,0,4,23,0,12.5,2.4,8.0,0,11,2.2,0,0,0,0.2,56
372,Harry,Kane,17,6,4,12,5,112,1613,18,258.7,585.2,860.0,15,410,170.4,7,0,3,31.2,125
497,Georges-Kévin,Nkoudou,17,6,3,0,0,0,0,0,0.0,0.0,0.0,0,0,0.0,0,0,0,0.0,48
523,Luke,Amos,17,6,3,0,0,1,2,0,0.1,2.2,0.0,0,3,0.2,0,0,0,0.1,43
536,Paulo,Gazzaniga,17,6,1,0,0,10,180,1,0.0,55.6,0.0,0,48,5.5,1,0,0,0.0,45
538,Alfie,Whiteman,17,6,1,0,0,0,0,0,0.0,0.0,0.0,0,0,0.0,0,0,0,0.2,40
540,Oliver,Skipp,17,6,3,0,0,6,101,1,14.3,19.8,4.0,0,22,3.9,1,0,0,0.0,45
549,Juan,Foyth,17,6,2,1,0,25,540,8,3.8,167.2,40.0,3,110,21.2,2,0,1,0.4,50
561,Timothy,Eyoma,17,6,2,0,0,0,0,0,0.0,0.0,0.0,0,0,0.0,0,0,0,0.0,40
373,Heurelho,Gomes,18,57,1,0,0,0,0,0,0.0,0.0,0.0,0,0,0.0,0,0,0,0.3,43
374,Pontus,Dahlberg,18,57,1,0,0,0,0,0,0.0,0.0,0.0,0,0,0.0,0,0,0,0.1,44
375,Younes,Kaboul,18,57,2,0,0,0,0,0,0.0,0.0,0.0,0,0,0.0,0,0,0,0.1,42
376,Craig,Cathcart,18,57,2,1,0,50,1701,27,17.5,344.4,145.0,3,293,50.9,4,0,1,0.9,45
377,Sebastian,Prödl,18,57,2,0,0,1,13,0,0.0,0.0,0.0,0,2,0.0,0,0,0,0.1,42
378,José,Holebas,18,57,2,3,5,63,1433,24,397.6,433.4,111.0,6,295,94.3,2,0,7,12.7,47
379,Miguel,Britos,18,57,2,0,0,0,0,0,0.0,0.0,0.0,0,0,0.0,0,0,0,0.0,44
380,Christian,Kabasele,18,57,2,0,0,22,1041,18,12.6,225.8,169.0,0,122,40.7,2,1,1,0.3,44
381,Daryl,Janmaat,18,57,2,0,1,20,521,6,93.5,125.8,30.0,4,105,25.1,1,0,2,0.3,49
382,Adrian,Mariappa,18,57,2,0,0,23,652,10,12.9,105.6,30.0,0,119,14.8,2,0,0,0.2,42
383,Francisco,Femenía Far,18,57,2,0,1,39,1134,20,116.9,213.2,27.0,3,231,35.6,3,0,0,1.8,42
384,Marvin,Zeegelaar,18,57,2,0,0,0,0,0,0.0,0.0,0.0,0,0,0.0,0,0,0,0.1,42
385,Marc,Navarro,18,57,2,0,0,1,83,2,5.3,15.0,2.0,0,8,2.2,0,0,0,0.1,43
386,Adam,Masina,18,57,2,0,1,17,276,3,43.1,70.8,2.0,1,76,11.6,2,0,1,0.1,43
387,Nathaniel,Chalobah,18,57,3,0,0,6,191,4,14.9,25.2,31.0,0,23,7.2,0,0,2,0.1,45
388,Tom,Cleverley,18,57,3,0,0,2,18,0,2.7,3.8,5.0,0,8,1.1,0,0,0,0.0,50
389,Etienne,Capoue,18,57,3,1,2,45,1349,20,82.8,301.0,80.0,8,241,46.5,4,1,5,0.6,49
390,Abdoulaye,Doucouré,18,57,3,2,5,71,1710,27,280.3,400.6,358.0,8,315,103.8,4,0,2,2.0,59
391,Roberto,Pereyra,18,57,3,6,4,95,1629,27,264.7,298.2,490.0,13,313,105.4,4,0,1,15.4,62
392,Will,Hughes,18,57,3,1,1,38,1135,18,179.1,181.4,207.0,2,122,56.8,4,0,3,0.6,49
394,Gerard,Deulofeu,18,57,3,3,2,46,727,9,208.2,182.6,226.0,4,137,61.6,3,0,1,1.2,54
395,Andre,Gray,18,57,4,3,0,35,714,11,102.3,131.8,299.0,2,93,52.6,3,0,1,0.6,59
396,Troy,Deeney,18,57,4,3,1,48,1328,22,223.6,234.8,524.0,4,153,98.1,2,0,1,2.7,58
397,Stefano,Okaka,18,57,4,0,0,1,22,1,24.7,3.2,26.0,0,-1,5.2,0,0,1,0.1,50
398,Jerome,Sinclair,18,57,4,0,0,0,0,0,0.0,0.0,0.0,0,0,0.0,0,0,0,0.1,45
445,Ben,Foster,18,57,1,0,0,64,1710,27,30.0,419.0,0.0,6,331,45.0,4,0,1,4.3,45
446,Ken,Sema,18,57,3,0,1,17,349,4,51.0,52.0,69.0,0,50,17.0,2,0,0,0.1,46
517,Domingos,Quina,18,57,3,1,0,13,241,3,19.9,51.6,17.0,2,50,8.8,0,0,0,0.1,44
524,Isaac,Success Ajayi,18,57,4,1,0,28,728,14,210.7,103.8,244.0,0,86,55.8,2,0,2,3.6,46
544,Ben,Wilmot,18,57,2,0,0,1,2,0,0.0,0.0,0.0,0,3,0.0,0,0,0,0.1,40
554,Adalberto,Peñaranda,18,57,4,0,0,0,0,0,0.0,0.0,0.0,0,0,0.0,0,0,0,0.0,50
399,Adrián,San Miguel del Castillo,19,21,1,0,0,0,0,0,0.0,0.0,0.0,0,0,0.0,0,0,0,0.3,43
400,Lukasz,Fabianski,19,21,1,0,0,74,1620,27,0.0,525.8,0.0,11,353,52.4,3,0,0,18.1,47
401,Winston,Reid,19,21,2,0,0,0,0,0,0.0,0.0,0.0,0,0,0.0,0,0,0,0.0,44
402,Aaron,Cresswell,19,21,2,0,0,9,475,7,114.6,110.2,15.0,0,74,24.0,0,0,1,0.6,50
403,Angelo,Ogbonna,19,21,2,0,0,5,336,9,14.6,79.0,44.0,0,47,13.6,0,0,1,0.4,42
404,Sam,Byram,19,21,2,0,0,0,0,0,0.0,0.0,0.0,0,0,0.0,0,0,0,0.0,45
405,Pablo,Zabaleta,19,21,2,0,1,37,1242,18,89.3,295.2,53.0,4,225,43.8,3,0,4,2.8,43
406,Declan,Rice,19,21,2,0,0,35,1305,19,96.8,235.6,81.0,1,259,41.2,3,0,1,0.7,44
407,Reece,Oxford,19,21,2,0,0,0,0,0,0.0,0.0,0.0,0,0,0.0,0,0,0,0.1,43
408,Ryan,Fredericks,19,21,2,0,0,2,287,8,37.2,46.4,10.0,0,25,9.5,0,0,2,0.2,46
409,Issa,Diop,19,21,2,0,0,34,1440,21,34.8,312.4,87.0,1,249,43.4,3,0,3,0.9,43
410,Arthur,Masuaku,19,21,3,0,1,30,1159,21,101.0,294.0,31.0,0,196,42.7,2,0,1,2.2,43
411,Mark,Noble,19,21,3,0,2,26,980,15,126.0,139.8,49.0,0,127,31.4,3,1,4,0.2,49
413,Pedro,Obiang,19,21,3,0,1,22,621,10,49.2,79.4,81.0,1,87,20.9,1,0,0,0.9,44
414,Manuel,Lanzini,19,21,3,0,0,0,0,0,0.0,0.0,0.0,0,0,0.0,0,0,0,0.0,64
415,Michail,Antonio,19,21,3,2,2,40,784,13,141.5,163.6,374.0,0,96,67.5,3,0,2,0.8,68
416,Edimilson,Fernandes,19,21,3,0,0,0,0,0,0.0,0.0,0.0,0,0,0.0,0,0,0,0.1,45
417,Marko,Arnautovic,19,21,4,5,3,59,1008,18,276.3,290.8,523.0,9,218,108.3,1,0,3,6.5,69
418,Andy,Carroll,19,21,4,0,0,4,122,3,13.2,20.6,49.0,0,7,8.3,0,0,0,0.1,54
419,Javier,Hernández Balcázar,19,21,4,4,3,50,715,10,76.4,182.6,295.0,4,168,55.2,4,0,0,5.4,64
420,Jordan,Hugill,19,21,4,0,0,0,0,0,0.0,0.0,0.0,0,0,0.0,0,0,0,0.0,50
447,Jack,Wilshere,19,21,3,0,1,11,338,9,44.8,64.4,11.0,0,67,12.0,1,0,2,1.0,48
453,Andriy,Yarmolenko,19,21,3,2,1,27,456,6,84.6,86.0,122.0,2,88,29.1,1,0,2,0.5,67
464,Fabián,Balbuena,19,21,2,1,0,44,1473,25,36.1,401.6,167.0,3,272,60.7,3,0,2,1.3,45
465,Felipe Anderson,Pereira Gomes,19,21,3,6,3,86,1500,24,518.2,486.6,387.0,11,342,139.2,4,0,3,17.3,73
489,Robert,Snodgrass,19,21,3,2,3,50,1084,15,493.9,295.6,194.0,6,213,98.0,3,0,6,3.8,54
502,Lucas,Pérez,19,21,4,2,0,18,202,5,49.4,80.8,68.0,3,76,19.8,0,0,0,0.2,62
518,Carlos,Sánchez,19,21,3,0,0,7,217,4,27.7,20.2,24.0,0,37,7.2,0,0,0,0.2,44
539,Grady,Diangana,19,21,3,0,1,16,358,10,133.1,87.6,124.0,0,60,34.4,1,0,0,0.1,45
547,Joe,Powell,19,21,3,0,0,0,0,0,0.0,0.0,0.0,0,0,0.0,0,0,0,0.0,45
548,Conor,Coventry,19,21,3,0,0,0,0,0,0.0,0.0,0.0,0,0,0.0,0,0,0,0.0,45
560,Alexandre Nascimento,Costa Silva,19,21,4,0,0,0,0,0,0.0,0.0,0.0,0,0,0.0,0,0,0,0.0,45
421,John,Ruddy,20,39,1,0,0,0,0,0,0.0,0.0,0.0,0,0,0.0,0,0,0,0.3,43
422,Will,Norris,20,39,1,0,0,0,0,0,0.0,0.0,0.0,0,0,0.0,0,0,0,2.2,40
423,Willy,Boly,20,39,2,1,0,60,1710,22,50.3,474.2,109.0,3,344,63.4,5,0,0,4.8,46
424,Barry,Douglas,20,39,2,0,0,0,0,0,0.0,0.0,0.0,0,0,0.0,0,0,0,0.0,50
425,Matt,Doherty,20,39,2,3,3,83,1669,22,323.9,448.0,433.0,9,335,120.3,5,0,2,23.9,52
426,Romain,Saïss,20,39,2,1,0,16,450,7,39.2,146.2,76.0,3,87,26.0,0,0,3,0.1,42
427,Ryan,Bennett,20,39,2,0,0,47,1620,20,104.5,306.6,90.0,1,256,50.2,5,0,4,10.5,41
428,Danny,Batth,20,39,2,0,0,0,0,0,0.0,0.0,0.0,0,0,0.0,0,0,0,0.7,40
429,Roderick Jefferson,Gonçalves Miranda,20,39,2,0,0,0,0,0,0.0,0.0,0.0,0,0,0.0,0,0,0,0.1,40
430,Conor,Coady,20,39,2,0,0,52,1710,22,17.7,319.4,0.0,5,313,33.5,5,0,4,0.6,45
431,Rúben Gonçalo,Silva Nascimento Vinagre,20,39,2,0,0,11,435,6,66.6,75.6,15.0,0,65,15.7,0,0,1,0.1,43
432,Diogo,Jota,20,39,3,2,3,48,1030,12,191.2,161.6,322.0,3,137,67.5,4,0,4,0.8,59
433,Rúben Diogo,da Silva Neves,20,39,3,2,1,50,1530,20,228.6,356.2,223.0,3,237,80.8,5,0,5,12.0,50
434,Ivan,Cavaleiro,20,39,3,3,0,32,335,6,161.7,146.0,128.0,3,111,43.0,1,0,1,0.1,52
435,Hélder,Costa,20,39,3,0,2,38,1172,17,241.0,114.6,235.0,0,100,59.2,4,0,3,0.4,48
436,Bright,Enobakhare,20,39,3,0,0,0,0,0,0.0,0.0,0.0,0,0,0.0,0,0,0,0.1,43
437,Raúl,Jiménez,20,39,4,5,6,85,1538,20,317.8,347.4,752.0,11,263,141.3,6,0,0,20.3,63
438,Bonatini Lohner Maia,Bonatini,20,39,4,0,1,10,130,0,30.9,24.6,90.0,0,19,13.6,0,0,0,0.4,46
448,Morgan,Gibbs-White,20,39,3,0,1,20,390,5,97.9,45.2,27.0,0,64,16.8,2,0,1,0.7,43
449,Rafa,Mir,20,39,4,0,0,0,0,0,0.0,0.0,0.0,0,0,0.0,0,0,0,0.1,45
454,Rui Pedro,dos Santos Patrício,20,39,1,0,0,68,1710,22,0.0,391.2,0.0,4,329,39.0,5,0,0,8.8,46
475,João Filipe Iria,Santos Moutinho,20,39,3,1,1,53,1515,19,531.4,363.0,42.0,6,277,93.7,5,0,2,2.1,52
483,Jonathan,Castro Otto,20,39,2,1,1,56,1259,16,222.7,262.0,209.0,5,254,69.6,5,0,2,1.8,43
500,Adama,Traoré,20,39,3,1,0,25,552,6,168.5,133.2,166.0,2,91,46.6,0,0,1,0.3,52
519,Leander,Dendoncker,20,39,3,0,0,1,9,0,0.1,1.2,0.0,0,3,0.1,0,0,0,0.4,43
525,Kortney,Hause,20,39,2,0,0,0,0,0,0.0,0.0,0.0,0,0,0.0,0,0,0,0.3,40
555,Ryan John,Giles,20,39,3,0,0,0,0,0,0.0,0.0,0.0,0,0,0.0,0,0,0,0.0,45
567,Max,Kilman,20,39,2,0,0,0,0,0,0.0,0.0,0.0,0,0,0.0,0,0,0,0.0,40
