store,avg_weekly_sales,price_elasticity,median_household_income,avg_weekly_txn,avg_unit_retail
s1001,12293,-3.25,113848,585.3809524,8.74
s1002,24606,-2.04,67687,984.24,14.75
s1003,66042,-3.68,110448,7338,11.55
s1004,64912,-2.48,39508,2704.666667,5.49
s1005,152239,-1.39,73039,15223.9,8.93
s1006,100468,-2.98,108066,4784.190476,8.81
s1007,78794,-3.85,69907,6566.166667,7.93
s1008,14594,-2.61,105490,1326.727273,3.62
s1009,65701,-1.35,138261,3650.055556,4.87
s1010,192186,-3.16,51779,8355.913043,14.05
s1011,103345,-2.19,134396,14763.57143,3.46
s1012,181374,-1.62,80744,22671.75,6.4
s1013,26907,-1.63,147300,2446.090909,4.94
s1014,178262,-2.03,124429,10486,8.46
s1015,190768,-3.21,127266,11221.64706,8.79
s1016,137105,-3.47,116882,5484.2,9.41
s1017,121778,-2.51,39326,5798.952381,7.62
s1018,94532,-2.09,73480,11816.5,14.86
s1019,113816,-1.46,51882,4552.64,8.57
s1020,10368,-2.34,110455,414.72,3.59
s1021,105034,-3.24,132454,21006.8,13.85
s1022,155677,-2.73,120892,6227.08,10.9
s1023,186847,-1.84,59513,18684.7,10.25
s1024,177672,-2.69,134727,9870.666667,13.52
s1025,163199,-2.04,42828,8159.95,7.69
s1026,95223,-1.21,33788,7324.846154,3.65
s1027,131601,-2.59,40233,5264.04,9.54
s1028,117354,-3.87,37107,9027.230769,3.75
s1029,94860,-2.37,82084,4517.142857,13.52
s1030,73335,-2.6,131451,5238.214286,13.04
s1031,56583,-1.44,82249,8083.285714,13.6
s1032,76521,-1.54,107566,6376.75,4.9
s1033,50522,-1.81,117025,3886.307692,4.44
s1034,77750,-3.9,26280,15550,11.49
s1035,62167,-3.41,138109,7770.875,5.05
s1036,181497,-2,59000,10083.16667,6.55
s1037,76023,-2.8,111797,15204.6,12.97
s1038,183691,-1.41,81874,20410.11111,9.02
s1039,188653,-1.7,69536,14511.76923,9.56
s1040,19869,-2.97,56358,1419.214286,12.89
s1041,178564,-2.19,115506,9398.105263,4.42
s1042,115601,-2.59,66428,4816.708333,10.06
s1043,187829,-1.65,49829,8166.478261,3.7
s1044,104261,-2.42,46122,5487.421053,8.82
s1045,25219,-2.15,48170,2292.636364,5.58
s1046,180467,-2.7,131636,30077.83333,7.18
s1047,95138,-2.52,109987,4324.454545,6.3
s1048,187703,-1.4,142980,9879.105263,14.76
s1049,177106,-2.3,146121,35421.2,6.91
s1050,72110,-2.23,46876,4506.875,4.26
s1051,87910,-3.01,144625,4186.190476,6.56
s1052,157748,-3.48,102930,19718.5,3.69
s1053,117297,-3.32,52460,5864.85,6.07
s1054,109532,-2.12,48701,4381.28,4.18
s1055,31047,-1.93,29657,1349.869565,4.8
s1056,23448,-2.35,70278,1379.294118,11.38
s1057,185981,-3.81,131409,15498.41667,14.53
s1058,110806,-1.68,80918,18467.66667,5.44
s1059,63391,-1.65,132634,2535.64,3.11
s1060,23919,-1.89,124400,1195.95,11.7
s1061,192422,-2.31,61081,21380.22222,13.61
s1062,110188,-1.28,103916,5008.545455,7.62
s1063,32174,-3.97,129604,4596.285714,6.77
s1064,189821,-2.16,101212,7592.84,6.82
s1065,115251,-1.38,98099,5762.55,12.26
s1066,127396,-3.41,91313,5308.166667,3.93
s1067,17933,-2.8,72652,815.1363636,6.75
s1068,44328,-3.33,144578,4029.818182,8.13
s1069,87450,-3.6,94653,7950,5.64
s1070,87465,-3.4,46212,3975.681818,12.81
s1071,89881,-1.57,68281,8988.1,3.94
s1072,149511,-2.15,113239,12459.25,8.29
s1073,156654,-1.73,111069,7120.636364,12.88
s1074,155523,-2.37,117344,9148.411765,14.44
s1075,162174,-2.45,60573,10811.6,7.43
s1076,113828,-3.64,69622,5420.380952,10.27
s1077,90994,-2.08,127185,10110.44444,11.07
s1078,137975,-1.8,56203,19710.71429,10.43
s1079,109850,-3.86,64775,4776.086957,14.12
s1080,71831,-3.43,120269,14366.2,10.57
s1081,119637,-1.98,139246,6296.684211,5.46
s1082,170682,-1.23,66453,24383.14286,4.37
s1083,36456,-1.62,143174,4557,9.34
s1084,50321,-3.02,109363,2795.611111,14.54
s1085,154232,-2.97,102646,25705.33333,4.62
s1086,23275,-1.6,143701,3879.166667,9.48
s1087,36657,-1.62,50699,2819.769231,13.54
s1088,39615,-3.8,142512,3301.25,14.17
s1089,174167,-2.42,138226,14513.91667,9.66
s1090,95583,-2.37,130567,19116.6,5.2
s1091,168285,-1.25,78172,33657,5.9
s1092,188586,-1.46,113469,10477,9.56
s1093,134342,-2.25,80933,7463.444444,12.37
s1094,61787,-1.37,100780,3251.947368,4.51
s1095,29080,-2.22,121337,4154.285714,5.44
s1096,93509,-1.92,66018,4065.608696,10.68
s1097,124077,-2.65,142347,5639.863636,6.49
s1098,48305,-3.21,147451,6038.125,3.45
s1099,191284,-2.51,115076,19128.4,5.66
s1100,77116,-3.57,27895,3855.8,10
s1101,135623,-1.74,134660,9041.533333,10.88
s1102,187136,-3.15,41616,10396.44444,7.35
s1103,84519,-3.3,83790,4695.5,9.17
s1104,117706,-3.84,108451,7847.066667,11.2
s1105,164007,-3.26,90923,32801.4,7.65
s1106,152503,-3.78,66910,6931.954545,7.61
s1107,49004,-3.53,149184,3062.75,7.09
s1108,137691,-3.9,133221,8099.470588,6.88
s1109,164427,-2.19,53953,6851.125,12.66
s1110,118478,-3.91,96146,6235.684211,4.04
s1111,43447,-1.24,77384,1737.88,8.42
s1112,160371,-3.09,75607,6414.84,8.26
s1113,30873,-1.23,33016,2572.75,8.46
s1114,163598,-4,88989,9088.777778,13.55
s1115,32178,-3.36,67983,1693.578947,11.13
s1116,60177,-3.22,80647,5470.636364,7.25
s1117,197535,-2.57,68982,8230.625,8.46
s1118,100325,-1.3,69742,6688.333333,5.6
s1119,31096,-2.76,81025,2591.333333,7.25
s1120,40792,-2.09,144353,2399.529412,3.17
s1121,117370,-3.57,85767,13041.11111,14.89
s1122,34521,-3.58,48386,1500.913043,12
s1123,99733,-3.68,104972,4749.190476,6.94
s1124,93955,-2.06,63296,4697.75,13.59
s1125,21287,-2.93,88015,886.9583333,10.25
s1126,172538,-2.02,80724,11502.53333,11.45
s1127,138834,-2.53,73222,7713,4.29
s1128,136407,-3.21,73651,11367.25,7.79
s1129,192869,-1.52,147727,11345.23529,5.22
s1130,137386,-3.38,83746,6542.190476,10.94
s1131,36302,-3.15,33554,2016.777778,14.62
s1132,149008,-2.33,39420,18626,13.75
s1133,140838,-1.21,87508,28167.6,6.01
s1134,98612,-1.35,89498,4287.478261,8.7
s1135,198988,-2.83,36560,7959.52,12.1
s1136,99582,-3.08,39684,5241.157895,9.24
s1137,196583,-2.24,117289,7863.32,5.87
s1138,40677,-3.02,33045,3697.909091,6.99
s1139,152132,-2.3,38296,30426.4,10.67
s1140,11941,-1.83,144634,1326.777778,10.93
s1141,71922,-1.6,102396,8990.25,4.18
s1142,46021,-3.3,44504,4183.727273,7.04
s1143,31317,-2.27,145223,3914.625,11.44
s1144,189206,-2.68,60080,37841.2,8.75
s1145,152368,-2.06,147968,8962.823529,13.34
s1146,65213,-2.09,139655,3836.058824,11.03
s1147,141167,-1.97,56069,28233.4,9.4
s1148,151731,-2.89,141714,13793.72727,6.75
s1149,92143,-3.57,94110,4607.15,4.8
s1150,162339,-2.29,39920,6493.56,10.08
s1151,20981,-3.5,85987,912.2173913,9.11
s1152,32125,-2.44,49486,3212.5,8.19
s1153,175535,-3.68,58841,12538.21429,11.81
s1154,60343,-1.37,96422,2514.291667,9.13
s1155,194276,-3.03,125670,11428,10.66
s1156,149578,-2.03,76285,11506,3.43
s1157,168216,-2.62,41398,24030.85714,5.26
s1158,146080,-3.75,105751,13280,4.77
s1159,29037,-2.4,115650,1451.85,5.22
s1160,75239,-2.51,41087,9404.875,10.03
s1161,69977,-3.31,124860,11662.83333,6.32
s1162,24967,-1.93,78551,1314.052632,11.36
s1163,53581,-1.29,71601,6697.625,8.28
s1164,75192,-2.13,124231,9399,13.06
s1165,114886,-3.65,116696,10444.18182,9.11
s1166,79971,-3.75,53213,4442.833333,12.53
s1167,150609,-3.62,53438,25101.5,11.44
s1168,54724,-2.41,75049,3040.222222,14.47
s1169,92854,-1.68,101055,4037.130435,11.45
s1170,140892,-1.91,25939,5635.68,14.21
s1171,63652,-3.56,79036,2893.272727,4.96
s1172,80220,-3.07,63164,13370,6.72
s1173,118467,-2.58,149479,8461.928571,5.64
s1174,23117,-3.44,128164,2311.7,7.51
s1175,131939,-2,38233,9424.214286,11.12
s1176,140975,-1.36,107282,15663.88889,6.16
s1177,25056,-2.04,117455,1089.391304,10.4
s1178,125130,-3.35,77251,5687.727273,7.76
s1179,98109,-1.51,73881,6540.6,14.53
s1180,150846,-2.01,132275,7939.263158,11.61
s1181,127007,-1.35,39995,18143.85714,12.94
s1182,108956,-3.08,63236,5734.526316,10.71
s1183,64401,-3.8,67464,7155.666667,5.67
s1184,44776,-2.85,42681,4975.111111,9.76
s1185,24308,-1.66,66541,972.32,10.51
s1186,119808,-2.15,149664,11980.8,14.76
s1187,70172,-2.33,78359,8771.5,14.28
s1188,184677,-3.88,68069,7694.875,3.63
s1189,66210,-1.21,75029,4138.125,13.86
s1190,21683,-1.97,80269,1084.15,8.85
s1191,152840,-3.23,142669,10189.33333,7.35
s1192,168977,-1.47,55913,21122.125,3.38
s1193,45094,-1.36,148475,3757.833333,11.19
s1194,31468,-1.83,117884,4495.428571,14.1
s1195,70963,-3.89,121226,3085.347826,14.97
s1196,18452,-3.04,74638,2636,14.88
s1197,156901,-2.37,87821,31380.2,7.87
s1198,90335,-1.38,51358,3927.608696,10.34
s1199,69684,-3.06,26043,6968.4,12.8
s1200,147692,-1.94,57070,8205.111111,8.82
s1201,136048,-3.51,82909,17006,10.92
s1202,48031,-1.82,87146,2001.291667,12.35
s1203,196456,-2.22,57643,39291.2,9.17
s1204,121051,-1.95,88300,5502.318182,14.44
s1205,194854,-3.55,74332,8471.913043,3.15
s1206,17390,-1.55,104352,1159.333333,10.85
s1207,151298,-3.73,120003,11638.30769,14.57
s1208,161793,-2.39,113515,23113.28571,6.99
s1209,55935,-3.19,89696,11187,6.79
s1210,191728,-3.88,122936,8336,11.28
s1211,169587,-3.36,60189,9421.5,13.91
s1212,143382,-1.83,65238,8434.235294,9.29
s1213,168674,-2.71,72313,11244.93333,13.16
s1214,156977,-3.43,143718,15697.7,13.46
s1215,13131,-1.37,112530,1313.1,13.86
s1216,56387,-3.16,52622,2451.608696,8.56
s1217,74740,-2.68,124090,3737,5.32
s1218,193477,-1.62,27009,9673.85,14.35
s1219,14194,-3.03,69629,645.1818182,6.28
s1220,172692,-3.62,100753,28782,10.39
s1221,93756,-1.82,37291,4464.571429,5.2
s1222,193174,-2.09,68874,9658.7,14.05
s1223,79621,-1.38,42075,13270.16667,3.5
s1224,121496,-1.76,141399,5282.434783,8.2
s1225,140709,-2.21,129863,5628.36,14.61
s1226,19693,-3.48,68455,1406.642857,10.4
s1227,158737,-1.37,76612,10582.46667,13.6
s1228,163149,-1.72,108534,8157.45,9.13
s1229,111668,-2.74,127560,12407.55556,9.57
s1230,161347,-2.82,49397,6722.791667,5.85
s1231,94157,-1.5,135208,5230.944444,6.67
s1232,100399,-2.18,44486,10039.9,10.09
s1233,112324,-2.18,142845,5616.2,3.27
s1234,106126,-2.66,85060,5053.619048,13.42
s1235,105766,-2.22,28983,10576.6,7.43
s1236,33558,-1.75,88517,3050.727273,8.04
s1237,195188,-2.04,80277,11481.64706,14.99
s1238,190668,-3.53,56982,10592.66667,3.75
s1239,68545,-1.31,132419,4284.0625,3.92
s1240,86628,-1.55,73451,12375.42857,14.23
s1241,195460,-3.17,55477,9307.619048,10.56
s1242,80766,-1.82,139348,4038.3,13.1
s1243,119957,-1.88,103648,4998.208333,12.48
s1244,158672,-2.99,101556,6898.782609,5.63
s1245,79087,-1.76,99316,4652.176471,4.84
s1246,156167,-2.72,60762,7808.35,7.01
s1247,111221,-3.92,35687,4835.695652,7.34
s1248,67269,-3.6,129624,2802.875,4.75
s1249,190510,-3.58,75307,9071.904762,4.02
s1250,65876,-3.06,74907,3659.777778,5.76
s1251,11982,-1.5,118886,998.5,12.48
s1252,108219,-2.1,39689,9018.25,10.58
s1253,192314,-1.74,37291,8741.545455,11.93
s1254,140676,-1.29,87508,6116.347826,3.8
s1255,175711,-2.9,54363,11714.06667,5.09
s1256,165943,-2.02,71017,7214.913043,10.01
s1257,36570,-1.63,99874,7314,4.65
s1258,25166,-3.83,68641,1324.526316,9.58
s1259,151354,-1.29,79006,18919.25,12.98
s1260,43066,-2.6,73820,8613.2,4.19
s1261,104808,-2.04,69244,5240.4,3.63
s1262,114375,-3.93,148651,7148.4375,12.18
s1263,72188,-3.28,101331,10312.57143,4.79
s1264,117247,-1.65,137426,6896.882353,13.51
s1265,27155,-3.99,97930,1597.352941,8.16
s1266,58465,-2.73,79950,5846.5,10.93
s1267,48726,-3.96,26782,1949.04,6.74
s1268,143826,-2.16,71460,10273.28571,11.94
s1269,84499,-3.33,30729,9388.777778,4.23
s1270,76081,-3.8,104736,7608.1,12.67
s1271,20006,-1.89,70737,1429,11.91
s1272,104881,-2.34,53075,5826.722222,3
s1273,126791,-3.2,69007,14087.88889,6.65
s1274,77216,-2.87,94602,3676.952381,3.32
s1275,140752,-1.66,58045,14075.2,5.23
s1276,124819,-3.89,25767,6934.388889,4.57
s1277,122205,-1.79,123446,5819.285714,9.47
s1278,47975,-1.75,93658,1919,5.59
s1279,188744,-3.9,72440,14518.76923,11.08
s1280,47235,-2.25,105305,5248.333333,12.62
s1281,137019,-1.59,49684,22836.5,9.45
s1282,71100,-2.72,145298,10157.14286,8.77
s1283,14064,-3.14,52168,1758,8.99
s1284,70715,-2.71,89345,5051.071429,9.48
s1285,95520,-1.41,121407,4548.571429,7.69
s1286,87732,-1.82,75608,3814.434783,4.17
s1287,140828,-3.45,85602,7041.4,7.57
s1288,45522,-2.93,102800,2677.764706,9.6
s1289,23046,-2.57,117299,1002,11.69
s1290,187449,-3.65,136098,18744.9,10.29
s1291,187899,-2.53,76636,7515.96,9.22
s1292,111770,-1.47,80689,13971.25,4.53
s1293,96527,-2.26,90800,3861.08,10.82
s1294,184873,-2.68,115409,14221,4.83
s1295,86071,-2.08,136219,12295.85714,6.17
s1296,76167,-2.77,44247,4760.4375,13.14
s1297,61022,-3.07,72301,4358.714286,8.96
s1298,40156,-2.81,78800,2509.75,7.63
s1299,24499,-3.75,35932,1531.1875,12.83
s1300,18110,-3.79,106706,724.4,13.28
s1301,26865,-3.01,35662,1791,14.97
s1302,25500,-3.2,75422,2318.181818,14.85
s1303,35742,-3.76,149260,1702,12.01
s1304,78501,-3.08,53080,13083.5,8.82
s1305,50344,-3.12,148061,5593.777778,11.96
s1306,125320,-2.66,38774,5967.619048,10.39
s1307,179997,-3.06,43360,7825.956522,14.49
s1308,42717,-3.55,74277,2248.263158,4.15
s1309,56516,-1.49,63978,5651.6,13.44
s1310,79000,-2.65,148715,4157.894737,3.97
s1311,156315,-1.95,79438,17368.33333,7.25
s1312,35482,-2.2,98228,4435.25,3.09
s1313,199970,-2.97,80634,8332.083333,4.38
s1314,54561,-2.92,89111,2871.631579,3.29
s1315,33193,-1.98,116818,1747,14.85
s1316,46384,-1.64,126012,2728.470588,3.73
s1317,76739,-1.26,107525,5903,4.44
s1318,14132,-3.66,120795,642.3636364,8.12
s1319,101347,-2.66,69232,10134.7,3.53
s1320,148283,-2.35,81942,5931.32,9.33
s1321,56140,-3.27,118836,4318.461538,4.78
s1322,138004,-3.62,32102,5750.166667,5.42
s1323,83124,-3.43,101671,3778.363636,8.05
s1324,143657,-1.79,46525,5746.28,12.19
s1325,38012,-3.87,28527,1727.818182,8.66
s1326,62756,-1.49,96900,3486.444444,3.21
s1327,72043,-2.11,26637,7204.3,12.63
s1328,37219,-3.35,135378,2326.1875,13.92
s1329,105555,-3.03,132216,5277.75,4.38
s1330,122484,-1.77,103815,11134.90909,14.02
s1331,26220,-1.69,69569,2185,11.8
s1332,128909,-3.6,117559,6445.45,10.16
s1333,157299,-1.22,26177,7490.428571,3.65
s1334,137282,-3.29,122177,27456.4,3.34
s1335,143919,-1.53,52207,13083.54545,6.08
s1336,159338,-1.4,144205,9958.625,7.05
s1337,121091,-3.23,40675,7568.1875,3.39
s1338,27488,-1.98,57893,1616.941176,3.57
s1339,97112,-2.8,47269,16185.33333,8.73
s1340,23016,-1.84,86530,1918,14.16
s1341,111577,-3.51,136107,5313.190476,3.82
s1342,185663,-4,78655,8841.095238,7.97
s1343,62442,-2.36,147478,4803.230769,10.71
s1344,143247,-2.21,131504,11019,5.69
s1345,180643,-2.98,43835,22580.375,14.94
s1346,46124,-3.97,41955,7687.333333,14.04
s1347,194553,-1.64,58198,11444.29412,14.48
s1348,76472,-1.47,42052,6952,9.27
s1349,176277,-1.48,86740,11017.3125,3.49
s1350,94738,-3.9,73983,6767,4.31
s1351,72133,-2.99,119864,3005.541667,11.14
s1352,52364,-2.18,73071,2181.833333,13.81
s1353,198691,-2.29,46511,13246.06667,3.17
s1354,189754,-3.96,141795,31625.66667,4.55
s1355,128589,-2.89,78614,11689.90909,6.86
s1356,151183,-1.77,66881,11629.46154,13.44
s1357,45556,-3.43,100591,3254,3.26
s1358,40363,-3.04,104210,1681.791667,7.1
s1359,139452,-1.65,120772,11621,14.38
s1360,183611,-2.45,136762,9180.55,13.7
s1361,69139,-2.98,82851,4321.1875,3.68
s1362,167329,-3.81,50521,15211.72727,5.58
s1363,142666,-3.1,33600,6484.818182,13.95
s1364,136425,-3.99,119310,6496.428571,9.31
s1365,199834,-3.31,38695,16652.83333,12.44
s1366,65134,-3.24,146549,2713.916667,10.89
s1367,121347,-3.02,124950,5056.125,3.17
s1368,185171,-3.02,136053,20574.55556,8.3
s1369,171493,-2.38,60803,15590.27273,10.5
s1370,32433,-3.4,148273,3243.3,13.14
s1371,124112,-3.98,84905,20685.33333,12.86
s1372,41634,-2.35,100814,5204.25,5.93
s1373,132545,-2.73,109950,11045.41667,11.56
s1374,41520,-2.83,147502,2076,12.6
s1375,159871,-3.7,131560,13322.58333,9.6
s1376,80684,-2.12,52432,16136.8,5.15
s1377,53202,-2.18,134280,7600.285714,11.08
s1378,78666,-3.88,42906,4140.315789,8.42
s1379,182039,-3.34,112563,9581,11.35
s1380,94010,-1.79,113120,11751.25,7.87
s1381,199320,-3.73,91703,11724.70588,13.33
s1382,34557,-2.92,89332,2032.764706,10.39
s1383,53980,-1.6,115863,4498.333333,13.1
s1384,155535,-2.15,37341,17281.66667,14.26
s1385,111455,-3.56,148746,12383.88889,6.38
s1386,156941,-3.76,132337,8260.052632,9.88
s1387,96282,-3.29,102516,12035.25,12.1
s1388,184939,-2.2,58702,10878.76471,5.93
s1389,153505,-2.36,100906,9029.705882,3.07
s1390,117464,-1.8,122511,6909.647059,7.93
s1391,16926,-3.23,48884,2418,7.81
s1392,31661,-1.31,82149,3166.1,12.43
s1393,11969,-3.75,53994,569.952381,9.07
s1394,136856,-2.38,98471,6516.952381,10.3
s1395,177971,-2.86,146354,8474.809524,13.54
s1396,79007,-3.26,76140,5643.357143,9.17
s1397,170357,-1.28,113773,34071.4,3.43
s1398,28098,-3.13,75657,1170.75,14.5
s1399,157718,-3.29,86791,9277.529412,10.88
s1400,73034,-2.63,100869,3043.083333,6.4
s1401,85683,-2.99,31770,8568.3,13.85
s1402,135042,-3.05,136276,8440.125,7.79
s1403,90832,-2.05,105428,5677,9.58
s1404,137363,-3.54,135260,8080.176471,8.52
s1405,133981,-3.61,120643,8932.066667,11.9
s1406,191009,-3.36,55388,8304.73913,11.36
s1407,37345,-1.4,136729,1867.25,14.28
s1408,37380,-3.96,66754,7476,13.9
s1409,160838,-2.28,69976,11488.42857,5.36
s1410,52917,-3.65,117334,6614.625,14.45
s1411,177332,-1.67,33042,9333.263158,6.31
s1412,123840,-1.43,106398,5384.347826,4.05
s1413,57010,-2.86,61612,4750.833333,11.27
s1414,47360,-3.34,74379,2631.111111,4.16
s1415,67198,-1.57,30793,9599.714286,10.87
s1416,53323,-3.76,124883,2423.772727,11.28
s1417,164456,-2.64,79841,9136.444444,6.85
s1418,196205,-1.88,129278,9810.25,14.78
s1419,64884,-2.97,139974,2595.36,14.47
s1420,22774,-2.58,136277,3795.666667,10.22
s1421,109673,-2.41,29631,4768.391304,5.12
s1422,199204,-2.84,80131,16600.33333,7.85
s1423,180520,-2.04,54449,7521.666667,11.19
s1424,194090,-2.42,101961,9242.380952,8.31
s1425,113189,-2.74,102129,5659.45,10.61
s1426,89448,-2.55,47808,4065.818182,6.47
s1427,190591,-3.61,146144,14660.84615,9.24
s1428,33396,-3.19,33728,3339.6,9.96
s1429,18827,-3.23,77203,855.7727273,14.17
s1430,161786,-2.61,99047,8988.111111,9.54
s1431,89661,-3.62,122584,12808.71429,10.33
s1432,183873,-1.74,85138,22984.125,8.99
s1433,90464,-2.22,144988,4307.809524,11.32
s1434,75030,-3.94,45516,6252.5,7.76
s1435,104843,-2.18,33939,10484.3,4.6
s1436,72467,-1.81,72408,14493.4,9.37
s1437,195786,-3.13,145857,19578.6,6.91
s1438,77926,-3.84,133799,4870.375,10.72
s1439,169584,-2.85,124709,16958.4,3.31
s1440,23671,-2.12,133790,1183.55,7.25
s1441,106406,-3.22,71209,4626.347826,6.88
s1442,192459,-3.73,103564,14804.53846,11.52
s1443,156360,-1.74,79098,6254.4,11.91
s1444,46636,-2.98,30589,4239.636364,5.95
s1445,23677,-2.83,89074,1076.227273,11.18
s1446,108866,-3.76,58272,6804.125,4.16
s1447,59811,-3.27,49062,4600.846154,13.41
s1448,159042,-1.24,106744,11360.14286,4.12
s1449,40186,-3.27,87420,4465.111111,8.09
s1450,170721,-3.1,71124,10670.0625,5.36
s1451,84747,-1.85,48980,4460.368421,6.88
s1452,97194,-2.53,38480,4225.826087,14.58
s1453,158731,-1.39,99480,19841.375,4.63
s1454,168508,-2.62,119998,9912.235294,3.46
s1455,112864,-2.71,113112,7054,7.35
s1456,128140,-3.77,60819,6101.904762,6.19
s1457,132017,-2.01,35000,11001.41667,3.92
s1458,121585,-3.09,47191,12158.5,10.46
s1459,45851,-3.66,76678,5094.555556,9.31
s1460,158534,-3.87,91518,10568.93333,11.28
s1461,126933,-2.13,130710,5769.681818,7.73
s1462,118707,-2.98,49088,5652.714286,5.63
s1463,57799,-3.61,28706,2513,3.1
s1464,97698,-2.25,131366,4440.818182,10.18
s1465,188937,-2.44,105783,11808.5625,9.98
s1466,21569,-3.3,62847,1960.818182,14.1
s1467,27793,-3.46,106432,2316.083333,13.81
s1468,80203,-2.87,127163,5012.6875,12.05
s1469,155653,-1.39,41816,9728.3125,13.99
s1470,174623,-3.69,107812,9190.684211,13.61
s1471,130919,-1.98,95771,7273.277778,3.13
s1472,186819,-1.66,108565,20757.66667,12.65
s1473,39362,-1.95,43570,2315.411765,3.28
s1474,150474,-2.81,113523,7165.428571,6.22
s1475,123883,-1.51,43034,24776.6,14.3
s1476,182379,-2.93,101685,16579.90909,5.19
s1477,32609,-3.86,30329,4076.125,10.47
s1478,191402,-1.99,60463,10633.44444,3.08
s1479,76753,-2.43,88762,3198.041667,10.12
s1480,69824,-2.64,58004,6982.4,4.31
s1481,185294,-3.58,127450,26470.57143,10.34
s1482,163876,-1.44,127247,7125.043478,5.87
s1483,111850,-2.88,141297,5886.842105,12.22
s1484,196393,-2.6,25479,9819.65,10.1
s1485,113818,-1.54,134211,6323.222222,12.34
s1486,152488,-1.93,134220,6353.666667,10.45
s1487,143631,-1.96,56184,23938.5,3.17
s1488,124346,-1.28,49798,5181.083333,6.04
s1489,109771,-3.15,88244,4573.791667,8.86
s1490,35509,-2.33,137898,2219.3125,10.7
s1491,183426,-3.33,82626,14109.69231,14.58
s1492,167756,-2.47,104881,7988.380952,5.16
s1493,146112,-1.62,146170,18264,13.57
s1494,114858,-3.74,62696,7657.2,8.29
s1495,117550,-3.78,90660,16792.85714,4.87
s1496,169103,-2.72,104669,18789.22222,10.44
s1497,124854,-2.63,40061,8323.6,9
s1498,102064,-1.96,133262,14580.57143,3.7
s1499,195205,-2.15,149012,39041,9.94
s1500,25691,-1.45,143796,1117,13.28
s1501,184417,-1.92,50605,30736.16667,5.16
s1502,142747,-2.24,32970,7513,14.67
s1503,156728,-3.89,57575,8707.111111,13.44
s1504,84076,-2.11,92211,6467.384615,5.71
s1505,171999,-2.4,37524,8599.95,8
s1506,195733,-3.77,125912,9786.65,5.29
s1507,126488,-2.17,38823,15811,3.63
s1508,191781,-1.67,149828,8338.304348,10.6
s1509,149338,-1.97,119379,9333.625,7.95
s1510,70939,-2.36,43417,3546.95,6.46
s1511,135027,-1.96,26002,6137.590909,5.71
s1512,114050,-2.98,54095,8773.076923,6.06
s1513,181587,-1.67,139499,13968.23077,11.53
s1514,80582,-1.22,111072,16116.4,7.1
s1515,36352,-3.14,143668,1817.6,7.15
s1516,127614,-1.4,84671,6380.7,12.73
s1517,131755,-2.39,70438,26351,5.48
s1518,45834,-2.14,116003,2083.363636,5.34
s1519,53792,-3.49,100714,3164.235294,8.38
s1520,144482,-3.48,55956,10320.14286,6.28
s1521,86123,-3,93423,7829.363636,7.41
s1522,154606,-3.23,63856,11043.28571,4.84
s1523,164755,-3.98,137095,10983.66667,6.02
s1524,73281,-2.68,42969,14656.2,7.68
s1525,199816,-2.24,72222,24977,14.38
s1526,111509,-3.37,57369,9292.416667,4.19
s1527,112571,-3.16,147257,18761.83333,6.46
s1528,56240,-2.89,95825,11248,11.24
s1529,19469,-1.67,51656,1390.642857,8.5
s1530,66132,-1.79,131884,2875.304348,4.59
s1531,81786,-3.66,124341,16357.2,5.22
s1532,142828,-1.7,40381,12984.36364,9.63
s1533,121933,-1.91,57761,10161.08333,12.72
s1534,33532,-3.77,91100,2395.142857,4.09
s1535,54361,-3.26,142913,3020.055556,5.36
s1536,51047,-2.8,69356,2835.944444,9.49
s1537,17884,-3.74,106736,1052,14.52
s1538,146535,-1.69,138824,6977.857143,9.11
s1539,143825,-1.7,43214,6253.26087,13.65
s1540,34853,-2.98,41180,3168.454545,3.5
s1541,188462,-2.67,144796,8974.380952,10.47
s1542,26585,-2.06,87358,1208.409091,8.56
s1543,39992,-1.56,59860,2856.571429,8
s1544,83999,-2.21,120830,4421,9.83
s1545,32299,-2.65,45686,1404.304348,5.19
s1546,175552,-3.67,30479,10326.58824,9.2
s1547,20497,-3.18,95347,1708.083333,12.28
s1548,44658,-1.84,32275,2626.941176,3.41
s1549,163185,-3.26,94271,7095,5.12
s1550,128906,-2.5,62243,25781.2,8.2
s1551,84136,-3.54,145465,4206.8,6.94
s1552,154712,-1.76,65313,7367.238095,6.84
s1553,162577,-1.5,123827,10161.0625,14.57
s1554,24065,-2.19,102586,1851.153846,4.44
s1555,56354,-1.87,65091,11270.8,6.98
s1556,54682,-3.23,138721,4556.833333,10.23
s1557,18450,-2.04,149384,1845,7
s1558,40601,-3.43,66174,2900.071429,6.75
s1559,45733,-3.31,63162,2858.3125,11.61
s1560,152098,-3.92,29603,8946.941176,12.51
s1561,37998,-2.47,34139,1652.086957,5.38
s1562,113224,-1.65,104947,10293.09091,9.65
s1563,29669,-1.96,98770,2119.214286,13.88
s1564,159665,-3.73,109819,17740.55556,14.93
s1565,142774,-2.51,118239,6207.565217,5.2
s1566,71914,-3.52,78773,7191.4,12.65
s1567,35594,-2.54,36750,5932.333333,9.51
s1568,117790,-1.42,74946,23558,4.38
s1569,16587,-1.89,59798,1843,12.65
s1570,37189,-1.74,25668,3380.818182,13.23
s1571,72706,-3.6,92375,8078.444444,3.88
s1572,150186,-1.84,116357,6529.826087,10.19
s1573,52953,-2.7,44808,2941.833333,7.83
s1574,125259,-1.98,36290,11387.18182,10.4
s1575,165393,-3.86,25738,6615.72,13.23
s1576,153043,-2.82,101435,7652.15,8.84
s1577,138929,-1.78,118938,6040.391304,14.15
s1578,122570,-4,65722,5571.363636,10.42
s1579,61508,-3.83,98930,3237.263158,13.45
s1580,160180,-1.47,116775,6964.347826,3.4
s1581,69168,-2.32,40312,13833.6,11.9
s1582,53673,-1.62,137730,2333.608696,12.06
s1583,108017,-2.6,137334,4696.391304,7.41
s1584,151600,-1.63,49901,21657.14286,9.37
s1585,193601,-2.08,105423,19360.1,10.04
s1586,74342,-2.78,51106,3379.181818,13.69
s1587,14147,-2.66,101759,707.35,3.42
s1588,96518,-1.26,104697,16086.33333,3.8
s1589,113027,-3.87,75615,4914.217391,10.33
s1590,137262,-2.96,103422,6863.1,13.02
s1591,192266,-3.13,120876,9155.52381,12.2
s1592,61185,-3.02,115984,2781.136364,3.22
s1593,14160,-3.56,45776,615.6521739,3.89
s1594,37103,-3.79,144389,1545.958333,3.52
s1595,78960,-3.17,100936,7178.181818,10.02
s1596,122457,-3.34,91893,11132.45455,13.46
s1597,56749,-3.15,48813,2702.333333,14.93
s1598,108799,-3.09,98915,7771.357143,12.93
s1599,45226,-2.15,127481,1884.416667,11.87
s1600,24486,-3.05,129987,1166,11.19
s1601,127530,-3.77,144994,6376.5,6.81
s1602,92030,-1.24,69173,8366.363636,9.11
s1603,11456,-3.76,74884,1909.333333,10.33
s1604,29443,-3.69,82238,1280.130435,6.82
s1605,81609,-2.49,97065,5440.6,9.28
s1606,177239,-2.09,104616,7089.56,13.06
s1607,93260,-3.63,109656,4908.421053,12.78
s1608,126440,-2.42,33518,11494.54545,13.34
s1609,59664,-1.76,54766,6629.333333,6.52
s1610,103335,-1.75,132458,9394.090909,3.48
s1611,64272,-2.69,51782,2678,13.46
s1612,13064,-2.08,70034,1004.923077,9.96
s1613,92838,-2.81,141009,6189.2,9.2
s1614,37964,-3.03,61705,5423.428571,14.19
s1615,12236,-2.45,72973,611.8,3.12
s1616,107531,-2.29,59129,8271.615385,4.74
s1617,142430,-3.98,43470,6782.380952,12.7
s1618,57984,-1.99,89392,3410.823529,7.42
s1619,101593,-1.65,113395,5347,4.93
s1620,15940,-2.43,38305,1449.090909,13.52
s1621,152881,-3.32,122744,6949.136364,11.84
s1622,107354,-3.73,28345,5112.095238,6.67
s1623,61479,-2.41,141450,5589,12.86
s1624,39836,-2.89,42390,1896.952381,3.67
s1625,87052,-2.18,130421,3482.08,11.26
s1626,46597,-1.45,103813,5824.625,12.69
s1627,191986,-3.21,25110,23998.25,9.82
s1628,110480,-1.4,71282,22096,12.01
s1629,94070,-2.88,33762,9407,6.97
s1630,10654,-2.22,97285,761,12.8
s1631,72685,-2.41,47625,9085.625,6.33
s1632,167562,-3.3,129804,23937.42857,3.52
s1633,43883,-3.3,78689,5485.375,4.2
s1634,194656,-2.97,145277,13904,5.61
s1635,86028,-2.12,65618,6617.538462,9.36
s1636,144082,-2.38,41457,6264.434783,10.72
s1637,192248,-3.65,99485,9612.4,8.46
s1638,37237,-3.81,51729,6206.166667,13.17
s1639,52710,-2.43,82496,5271,11.98
s1640,146797,-2.15,75496,14679.7,4.56
s1641,181378,-2.59,113112,7886,11.69
s1642,49260,-3.13,33906,3789.230769,14.05
s1643,143651,-1.75,79018,8450.058824,11.48
s1644,198936,-3.18,27999,10470.31579,10
s1645,158986,-1.38,134330,11356.14286,4.2
s1646,74345,-1.48,108407,6195.416667,14.93
s1647,60947,-2.61,128518,7618.375,3.63
s1648,199014,-3.81,46306,16584.5,5.43
s1649,197390,-2.35,129457,17944.54545,10.57
s1650,75202,-1.47,137644,8355.777778,11.39
s1651,110619,-3.05,84898,7901.357143,3.68
s1652,11187,-2.18,136099,932.25,9.56
s1653,66763,-3.11,145717,2902.73913,5.6
s1654,179226,-3.89,37512,25603.71429,5.01
s1655,163188,-3.94,100879,6799.5,3.89
s1656,60826,-2.19,42917,5068.833333,14.66
s1657,59886,-1.24,34526,2495.25,9.55
s1658,34453,-2.12,49579,1640.619048,10.73
s1659,163578,-1.92,111628,7789.428571,12.05
s1660,46704,-3.1,88890,2224,8.9
s1661,17529,-2.01,77961,1168.6,11.16
s1662,55876,-2.79,116166,9312.666667,4.43
s1663,144983,-2.75,104921,6303.608696,8.67
s1664,181017,-2.65,136178,10056.5,10.75
s1665,25966,-3.27,43681,1731.066667,9.12
s1666,54837,-1.9,52062,6854.625,12.69
s1667,108022,-3.78,134934,5401.1,14.83
s1668,49425,-1.32,72267,2148.913043,13.28
s1669,34501,-2.62,74908,2029.470588,7.28
s1670,98501,-3.15,110968,9850.1,13.13
s1671,43806,-2.99,137419,3129,4.39
s1672,187136,-3.89,53178,23392,13.03
s1673,50510,-2.31,81247,6313.75,12.97
s1674,187472,-1.38,108525,10415.11111,14.56
s1675,127360,-3.6,141454,14151.11111,3.13
s1676,20369,-2.07,41672,1851.727273,12.09
s1677,23480,-3.74,80307,1304.444444,5.7
s1678,18999,-2.83,122972,1461.461538,12.41
s1679,171499,-3.13,108902,10088.17647,6.75
s1680,154917,-3.47,54116,8606.5,8.02
s1681,133305,-1.88,99586,7841.470588,3.74
s1682,77635,-2.75,117861,3528.863636,14.8
s1683,151022,-2.39,130509,6040.88,6.62
s1684,75500,-3.11,127622,12583.33333,6.71
s1685,118970,-1.39,92333,7931.333333,7.63
s1686,121833,-1.76,75664,8702.357143,4.5
s1687,96967,-2.17,106781,5103.526316,8.15
s1688,24339,-3.32,97202,1431.705882,8.83
s1689,23021,-1.66,50956,1278.944444,4.61
s1690,176805,-3.67,62185,17680.5,11.37
s1691,77668,-3.54,106845,11095.42857,11.9
s1692,172077,-1.32,84835,34415.4,9.87
s1693,132849,-2.3,32565,5535.375,8.29
s1694,130076,-1.84,53811,7226.444444,5.43
s1695,52386,-1.46,56835,4365.5,6.68
s1696,57978,-3.99,135502,3051.473684,5.9
s1697,119482,-2.02,147067,10862,4.11
s1698,95022,-1.35,69111,6787.285714,12.47
s1699,88658,-3.86,64536,8865.8,14.83
s1700,20428,-1.96,130734,851.1666667,9.26
s1701,66529,-2.2,94900,8316.125,8.08
s1702,67053,-3.57,33278,2682.12,4.19
s1703,16902,-2.76,134920,1056.375,11.8
s1704,103534,-3.81,37823,11503.77778,3.69
s1705,113570,-3.48,142187,10324.54545,13.93
s1706,64418,-1.76,103302,4026.125,3.86
s1707,81022,-3.7,119166,4766,9.02
s1708,67503,-1.93,42217,2700.12,4.76
s1709,61155,-3.02,59853,5096.25,14.19
s1710,173993,-3.4,99025,9666.277778,8.81
s1711,187517,-2.78,118375,18751.7,13.36
s1712,114984,-1.66,72882,5475.428571,7.02
s1713,157978,-3.08,25777,17553.11111,13.13
s1714,66774,-3.19,83672,3709.666667,14.08
s1715,184925,-1.45,90154,8040.217391,12.69
s1716,142237,-2.16,90038,10941.30769,12.95
s1717,80987,-1.99,33497,11569.57143,4.52
s1718,179344,-3.17,46253,25620.57143,4.5
s1719,37935,-2.83,113550,1896.75,6.21
s1720,49185,-2.43,132525,7026.428571,13.62
s1721,57694,-3.74,114576,2747.333333,13.09
s1722,172968,-2.74,52624,15724.36364,3.17
s1723,166943,-1.82,146534,16694.3,12.08
s1724,144301,-2.73,146742,8016.722222,6.85
s1725,134197,-3.02,142822,9585.5,4.76
s1726,88482,-3.25,55180,4021.909091,9.71
s1727,155962,-2.43,53279,15596.2,12.89
s1728,69449,-3.36,137542,11574.83333,10.46
s1729,26732,-1.25,61887,2970.222222,3.97
s1730,114751,-2.12,55472,10431.90909,11.24
s1731,179458,-2.17,80935,22432.25,10.51
s1732,93533,-3.83,49310,5845.8125,4.58
s1733,71873,-3.76,33508,4227.823529,14.34
s1734,131133,-3.82,78062,8742.2,5.09
s1735,22558,-2.78,99014,2050.727273,9.13
s1736,169289,-3.68,98042,9958.176471,12.63
s1737,146462,-3.7,117975,6657.363636,3.86
s1738,54436,-1.85,45500,2865.052632,6.25
s1739,93274,-2.14,32551,4055.391304,4.84
s1740,34496,-2.12,127129,1916.444444,11.59
s1741,130147,-3.85,131316,5205.88,6.97
s1742,95022,-1.43,114918,4751.1,14.37
s1743,31753,-3.13,107868,3175.3,11.5
s1744,153477,-1.77,39610,19184.625,10.76
s1745,133007,-3.03,51972,7000.368421,13.81
s1746,178356,-1.58,60453,16214.18182,5.05
s1747,40659,-2.63,94518,2904.214286,6.71
s1748,14773,-2.12,128006,869,7.9
s1749,141594,-3.76,115101,9439.6,13.7
s1750,104594,-1.88,74482,17432.33333,5.82
s1751,98352,-2.33,136048,6556.8,4.4
s1752,156900,-1.76,119698,9806.25,5.15
s1753,186576,-2.13,99134,12438.4,6.4
s1754,29042,-3.82,122337,1936.133333,5.62
s1755,79204,-2.85,108544,3300.166667,9.46
s1756,80990,-3.97,71674,3239.6,6.14
s1757,86013,-3.02,91561,3583.875,11.32
s1758,183183,-3.85,33092,9159.15,10.13
s1759,75607,-3.59,81209,3979.315789,5.72
s1760,195963,-3.35,121399,32660.5,13
s1761,142865,-3.11,59589,14286.5,6.23
s1762,114946,-2.22,112703,12771.77778,12.11
s1763,91101,-3.32,62104,3644.04,14.67
s1764,146539,-2.25,66798,6371.26087,5.57
s1765,106206,-2.96,127890,4425.25,6.37
s1766,139384,-2.4,53553,8199.058824,4.95
s1767,53794,-2.3,128560,2445.181818,5.42
s1768,83943,-2.77,78036,16788.6,3.47
s1769,84477,-1.98,67292,4223.85,8.59
s1770,34681,-1.63,32445,4335.125,6.78
s1771,144054,-3.53,107838,9603.6,3.09
s1772,133855,-2.99,94693,14872.77778,11.89
s1773,34197,-1.25,76942,1554.409091,6.45
s1774,86131,-2.78,73335,6152.214286,13.34
s1775,80073,-2.34,42682,4710.176471,3.89
s1776,46092,-2.04,29882,3545.538462,13.25
s1777,150519,-3.12,146391,13683.54545,4.39
s1778,104627,-3.18,44415,4185.08,11.75
s1779,29519,-3.45,143320,2270.692308,9.54
s1780,17585,-2.55,95677,703.4,14.41
s1781,32432,-2.56,78824,1297.28,13.78
s1782,32309,-2.16,132419,1346.208333,6.78
s1783,194703,-3.86,89583,21633.66667,9.04
s1784,196626,-2.31,118734,15125.07692,9.75
s1785,193225,-1.83,32056,13801.78571,4.7
s1786,71510,-1.6,31839,8938.75,10.51
s1787,123915,-1.61,94426,7289.117647,6.44
s1788,155165,-2.26,112975,22166.42857,12.92
s1789,106890,-3.41,91227,7635,10.21
s1790,68943,-1.72,93536,2997.521739,10.82
s1791,48284,-2.06,49404,2414.2,11.52
s1792,27873,-3.42,35191,5574.6,14.44
s1793,108348,-1.76,37496,18058,9.33
s1794,136621,-3.38,121591,9758.642857,6.37
s1795,195349,-3.96,147841,13023.26667,12.54
s1796,58213,-3,77114,9702.166667,9.38
s1797,115564,-3.04,32895,5778.2,11.75
s1798,179384,-3.18,62948,7175.36,3.09
s1799,173655,-3.62,39061,14471.25,10.2
s1800,175196,-3.29,124867,35039.2,3.52
s1801,49658,-2.81,87453,2159.043478,14.58
s1802,106169,-2.43,41072,10616.9,8.86
s1803,78158,-3.7,63882,3907.9,5.25
s1804,44223,-3.97,81999,6317.571429,4.03
s1805,75015,-1.72,67412,9376.875,14.32
s1806,75188,-1.72,106460,8354.222222,8.27
s1807,51291,-3.76,103017,4662.818182,14.29
s1808,152925,-3.23,41610,11763.46154,12.87
s1809,178763,-1.97,146850,17876.3,7.57
s1810,120280,-2.96,30993,15035,11.08
s1811,127275,-1.6,48722,11570.45455,3.03
s1812,139488,-2.5,112889,15498.66667,5.36
s1813,65573,-3.12,35785,2851,7.14
s1814,55483,-1.99,112968,3963.071429,3.99
s1815,176465,-3.78,147572,11029.0625,11.39
s1816,15670,-2.43,124708,870.5555556,3.5
s1817,150608,-2.81,48685,9413,8.95
s1818,126365,-2.87,47617,7433.235294,6.69
s1819,14001,-2.18,72899,777.8333333,10.5
s1820,21610,-3.74,43712,1029.047619,7.01
s1821,180642,-1.97,87442,12042.8,9.95
s1822,151777,-3.13,124091,11675.15385,11.67
s1823,66794,-2.53,34764,5566.166667,12.65
s1824,184185,-2.7,141257,15348.75,8.78
s1825,47320,-2.14,44831,1892.8,14.78
s1826,54414,-3.66,43673,3200.823529,6.38
s1827,163307,-1.6,54522,7776.52381,12.31
s1828,129800,-1.93,70173,6490,4.7
s1829,93820,-3.22,130685,4467.619048,12.09
s1830,132505,-1.22,86179,5761.086957,10.41
s1831,181212,-2.65,93844,13939.38462,14.45
s1832,182339,-2.41,145081,26048.42857,5.57
s1833,173945,-1.51,80415,7247.708333,9.72
s1834,185498,-3.97,127987,12366.53333,7.52
s1835,155840,-3.45,59425,7420.952381,13.87
s1836,150621,-2.82,116582,6275.875,7.62
s1837,157060,-3.61,128966,9816.25,14.12
s1838,44008,-3.87,42451,2000.363636,11.99
s1839,187575,-3.58,102205,8155.434783,12.53
s1840,65997,-2.59,85610,8249.625,5.99
s1841,111528,-1.42,97328,6196,3.9
s1842,157810,-2.86,82572,17534.44444,11.34
s1843,186119,-2.63,95821,15509.91667,14.58
s1844,198112,-3.93,29513,9905.6,9.03
s1845,122149,-1.41,125366,5310.826087,9.62
s1846,111231,-3.13,115613,6179.5,8.54
s1847,19160,-3.12,143266,1368.571429,5.54
s1848,86766,-3.24,76603,7230.5,3.69
s1849,184125,-1.24,70455,18412.5,11.99
s1850,143536,-3.52,106160,10252.57143,4.91
s1851,166361,-2.97,68643,6654.44,12.32
s1852,102054,-3.08,40617,4859.714286,9.99
s1853,86151,-3.69,114426,6153.642857,12.24
s1854,145328,-1.58,82935,24221.33333,9
s1855,177877,-2.37,110989,13682.84615,12.14
s1856,121850,-2.93,133016,7615.625,10.17
s1857,35334,-2.74,130089,2718,8.41
s1858,65956,-3.83,116417,2748.166667,5.13
s1859,26842,-3.16,95841,3355.25,6.27
s1860,26297,-1.23,79154,2921.888889,4.74
s1861,82681,-1.55,62367,3937.190476,4.52
s1862,48344,-1.31,70569,3453.142857,13.47
s1863,79643,-1.72,50791,4684.882353,4.66
s1864,148518,-3.25,145670,12376.5,13.22
s1865,103183,-2.65,35081,6069.588235,10.58
s1866,14300,-2.45,88546,893.75,8.87
s1867,52243,-4,57649,8707.166667,8.2
s1868,66532,-2.46,84066,8316.5,4.68
s1869,103499,-1.4,135916,10349.9,3.35
s1870,52552,-3.18,90010,2627.6,8.11
s1871,64681,-2.28,34736,2812.217391,5.32
s1872,21209,-1.66,134292,2120.9,6.32
s1873,143391,-1.78,30213,20484.42857,8.73
s1874,182596,-1.26,63296,7303.84,13.46
s1875,14338,-3.57,96866,2048.285714,12.75
s1876,99185,-2.31,42838,7084.642857,4.91
s1877,13209,-3.81,95813,1651.125,12.66
s1878,172804,-2.62,94609,7200.166667,7.19
s1879,37927,-1.7,88475,1896.35,4.28
s1880,147000,-1.39,80326,7736.842105,7.66
s1881,113319,-2.48,46841,16188.42857,11.2
s1882,153692,-2.98,48934,12807.66667,8.82
s1883,30486,-2.21,95407,2032.4,6.46
s1884,74222,-3.07,136796,5709.384615,8.01
s1885,195803,-1.42,72300,32633.83333,8.3
s1886,109053,-2.09,140350,13631.625,11.08
s1887,16511,-3.43,117043,1100.733333,14.73
s1888,162265,-3.72,107333,8113.25,10.72
s1889,78967,-2.47,30053,15793.4,14.45
s1890,38428,-2.83,73756,1537.12,11.95
s1891,147964,-2.3,82831,6725.636364,5.67
s1892,179786,-2.75,100446,8989.3,8.39
s1893,129972,-1.37,117705,8123.25,9.84
s1894,121450,-3.91,70666,20241.66667,6.54
s1895,162798,-3.75,149965,6511.92,11.39
s1896,172557,-2.32,66336,8627.85,6.5
s1897,71601,-1.23,79928,3254.590909,13.62
s1898,186668,-2.32,135765,11666.75,13.14
s1899,133511,-3.92,76883,7417.277778,12.33
s1900,119564,-2.9,125075,4981.833333,8.94
s1901,40089,-2.56,87257,2358.176471,8.21
s1902,91879,-1.28,34706,10208.77778,14.31
s1903,167386,-2.07,25263,18598.44444,5.3
s1904,85611,-2.37,44852,10701.375,10.54
s1905,59687,-3.2,72988,2984.35,8.33
s1906,19038,-3.76,130664,2379.75,6.99
s1907,192739,-1.62,76855,11337.58824,7.87
s1908,105522,-1.8,146456,4396.75,9.7
s1909,174030,-3.21,97374,13386.92308,8.19
s1910,61683,-2.05,135506,10280.5,13.96
s1911,168778,-2.92,133049,11251.86667,6.3
s1912,42887,-3.42,36281,2257.210526,12.62
s1913,14447,-3.2,31025,2063.857143,11.41
s1914,122312,-2.7,39630,6437.473684,9.98
s1915,10840,-1.98,58847,637.6470588,5.73
s1916,133115,-2.1,134472,8874.333333,3.14
s1917,197563,-2.65,129280,32927.16667,7
s1918,58370,-2.66,99776,2537.826087,14.1
s1919,102504,-3.02,49926,5394.947368,4.75
s1920,19698,-3.45,124030,1790.727273,11.29
s1921,194550,-1.47,46948,38910,6.24
s1922,55048,-2.27,111360,3238.117647,6.54
s1923,97468,-1.67,141395,5414.888889,10.63
s1924,91511,-2.12,53545,18302.2,8.4
s1925,177570,-2.62,33545,9865,4.29
s1926,112473,-3.47,120687,8033.785714,4.75
s1927,52038,-3.61,48331,3252.375,7.38
s1928,125702,-1.45,75904,6285.1,4.79
s1929,59596,-1.31,49366,3310.888889,13.62
s1930,177583,-3.44,66764,7399.291667,6.27
s1931,13025,-2.36,83278,1628.125,9.42
s1932,177415,-3.41,81397,17741.5,10.94
s1933,153038,-3.99,70158,7651.9,6.84
s1934,28547,-3.67,61407,3171.888889,10.97
s1935,24047,-3.55,106619,2003.916667,13.71
s1936,190145,-1.48,149164,31690.83333,7.81
s1937,51005,-3.55,76964,3643.214286,6.76
s1938,37305,-3.86,78471,1963.421053,11
s1939,138180,-1.75,58934,8128.235294,3.33
s1940,125560,-2.04,67651,17937.14286,11.16
s1941,78208,-2.12,67520,4116.210526,4.51
s1942,53481,-1.87,57876,2814.789474,6.72
s1943,177144,-1.56,132031,16104,5.45
s1944,126484,-3.68,27043,6023.047619,7.34
s1945,22966,-2.65,121604,918.64,4.32
s1946,140874,-1.7,60889,6708.285714,12.09
s1947,26038,-2.27,117798,3719.714286,11.08
s1948,53511,-3.88,137491,3822.214286,8.63
s1949,176534,-3.72,47134,14711.16667,12.92
s1950,170131,-3.53,53964,8954.263158,4.44
s1951,134800,-3.34,86360,7488.888889,8.29
s1952,150428,-2.22,115254,30085.6,14.77
s1953,170870,-1.25,83839,28478.33333,5.67
s1954,71729,-2.56,103175,5977.416667,12.97
s1955,163322,-2.17,69739,8166.1,9.5
s1956,110636,-3.93,40742,6146.444444,4.3
s1957,52671,-2.69,55237,2926.166667,13.53
s1958,130265,-1.23,59289,8684.333333,13.05
s1959,42875,-2.55,90257,4763.888889,13.42
s1960,118751,-1.85,112897,10795.54545,13.02
s1961,30405,-3.17,78495,1266.875,8.17
s1962,144831,-3.21,77773,8519.470588,7.18
s1963,83320,-1.21,116944,4166,13.39
s1964,26743,-1.79,113351,1069.72,4.22
s1965,190040,-1.6,115424,11877.5,3.03
s1966,150411,-3.23,76441,7520.55,12.95
s1967,49160,-3.92,43092,2340.952381,6.81
s1968,47423,-2.29,131213,2789.588235,5.68
s1969,181007,-1.96,32905,18100.7,11.43
s1970,27618,-3.33,104907,2510.727273,10.26
s1971,52873,-2.09,79435,2782.789474,11.6
s1972,180043,-3.88,84763,10590.76471,4.53
s1973,113341,-2.56,41377,8718.538462,5.19
s1974,35480,-2.09,42624,1542.608696,8.85
s1975,171776,-3.43,99378,6871.04,10.2
s1976,163967,-3.89,41267,9645.117647,3.21
s1977,132362,-2.28,110602,26472.4,4.15
s1978,25616,-2.58,136303,1506.823529,7.6
s1979,124982,-2.59,30619,8332.133333,4.59
s1980,51950,-3.65,115179,5195,11.63
s1981,86410,-1.75,51206,9601.111111,10.09
s1982,118098,-3.46,47320,19683,3.63
s1983,12063,-3.29,64269,753.9375,10.09
s1984,11794,-2.5,145434,1474.25,6.11
s1985,172624,-3.66,61601,13278.76923,5.89
s1986,188783,-1.91,95422,26969,5.11
s1987,63625,-3.1,117601,3742.647059,3.46
s1988,128340,-3.64,96821,12834,11.9
s1989,173463,-2.01,134472,21682.875,12.61
s1990,47753,-3.63,84941,2170.590909,12.15
s1991,103571,-3.42,117545,5178.55,14.34
s1992,127181,-2.19,131861,8478.733333,13.64
s1993,75699,-3.76,58100,6308.25,12.95
s1994,122702,-1.84,41868,12270.2,13.74
s1995,10290,-1.92,113396,791.5384615,14.94
s1996,38519,-2.62,95910,6419.833333,6.28
s1997,97858,-1.94,62896,6116.125,6.23
s1998,19218,-3.16,105981,960.9,6.13
s1999,124294,-3.47,119119,13810.44444,7.79
